date,ticker,price
2026-04-17,2020,129.0
2026-04-17,ABG,7.99
2026-04-17,ABL,11.3
2026-04-17,ACR,6.93
2026-04-17,AFG,180.0
2026-04-17,AFK,187.0
2026-04-17,AGLX,16.7
2026-04-17,AKAST,14.22
2026-04-17,AKBM,103.8
2026-04-17,AKER,1078.0
2026-04-17,AKH,0.0151
2026-04-17,AKRBP,342.9
2026-04-17,AKSO,42.08998
2026-04-17,AKVA,131.0
2026-04-17,APR,76.2
2026-04-17,ARCH,27.55
2026-04-17,ARR,7.64
2026-04-17,ASA,3.0
2026-04-17,ASAS,0.206
2026-04-17,ATEA,144.0
2026-04-17,AURG,259.65
2026-04-17,AUSS,98.7
2026-04-17,AUTO,10.67
2026-04-17,AZT,19.5
2026-04-17,B2I,24.15
2026-04-17,BAKKA,475.8
2026-04-17,BEWI,14.28
2026-04-17,BIEN,154.0
2026-04-17,BNOR,542.0
2026-04-17,BONHR,260.5
2026-04-17,BOR,17.0
2026-04-17,BOUV,52.6
2026-04-17,BRG,174.2
2026-04-17,BWE,55.5
2026-04-17,BWLPG,168.7
2026-04-17,BWO,49.5
2026-04-17,CADLR,59.9
2026-04-17,CAPSL,4.71
2026-04-17,CAVEN,7.1
2026-04-17,CLOUD,12.96
2026-04-17,CMBTO,122.0
2026-04-17,CONTX,3.4
2026-04-17,CRNA,5.85
2026-04-17,CRNAS,0.4
2026-04-17,DELIA,387.0
2026-04-17,DFENS,14.0
2026-04-17,DNB,306.2
2026-04-17,DNO,18.87
2026-04-17,DOFG,134.8
2026-04-17,EIOF,16.3
2026-04-17,ELABS,3.11
2026-04-17,ELK,28.78
2026-04-17,ELMRA,35.25
2026-04-17,ELO,35.65
2026-04-17,EMGS,0.246
2026-04-17,ENDUR,108.6
2026-04-17,ENH,8.57
2026-04-17,ENSU,0.646
2026-04-17,ENTRA,107.8
2026-04-17,ENVIP,55.9
2026-04-17,EPR,91.9
2026-04-17,EQNR,356.6
2026-04-17,EQVA,3.36
2026-04-17,FRO,329.5
2026-04-17,GENO,28.655
2026-04-17,GENT,42.5
2026-04-17,GJF,264.8
2026-04-17,GOD,11.0
2026-04-17,GSF,71.35
2026-04-17,GYL,462.0
2026-04-17,HAFNI,76.35
2026-04-17,HAUTO,134.9
2026-04-17,HAVI,1.24
2026-04-17,HBC,1.37
2026-04-17,HELG,168.0
2026-04-17,HERMA,17.4
2026-04-17,HEX,10.19
2026-04-17,HGSB,182.44
2026-04-17,HPUR,1.168
2026-04-17,HSHP,129.2
2026-04-17,HSPG,155.0
2026-04-17,HYPRO,1.425
2026-04-17,IDEX,10.7
2026-04-17,IOX,4.03
2026-04-17,ITERA,7.02
2026-04-17,IWS,57.8
2026-04-17,JAREN,350.0
2026-04-17,JIN,5.98
2026-04-17,KCC,91.6
2026-04-17,KID,131.2
2026-04-17,KIT,100.9
2026-04-17,KMCP,25.1
2026-04-17,KOA,2.01
2026-04-17,KOG,376.1
2026-04-17,KOMPL,8.58
2026-04-17,LIFE,0.421
2026-04-17,LIFES,0.098
2026-04-17,LINK,24.08
2026-04-17,LSG,48.04
2026-04-17,MEDI,234.0
2026-04-17,MELG,189.1
2026-04-17,MGN,24.95
2026-04-17,MING,211.8
2026-04-17,MORG,115.48
2026-04-17,MORLD,18.5
2026-04-17,MOWI,212.4
2026-04-17,MPCC,22.78
2026-04-17,MULTI,167.2
2026-04-17,NAPA,33.2
2026-04-17,NAS,13.955
2026-04-17,NAVA,19.5
2026-04-17,NEL,2.19
2026-04-17,NEXT,5.2
2026-04-17,NHY,108.55
2026-04-17,NKR,14.7
2026-04-17,NOD,178.5
2026-04-17,NOL,8.54
2026-04-17,NOM,12.4
2026-04-17,NONG,160.56
2026-04-17,NORBT,228.8
2026-04-17,NORCO,41.5
2026-04-17,NRC,9.4
2026-04-17,NSKOG,43.2
2026-04-17,NYKD,3.165
2026-04-17,ODF,117.0
2026-04-17,ODFB,114.6
2026-04-17,ODL,102.4
2026-04-17,OET,468.5
2026-04-17,OKEA,39.2
2026-04-17,ONCIN,50.0
2026-04-17,ORK,121.4
2026-04-17,OTEC,19.74
2026-04-17,OTL,69.6
2026-04-17,OTOVO,11.55
2026-04-17,PARB,77.4
2026-04-17,PCIB,0.1625
2026-04-17,PEN,31.55
2026-04-17,PEXIP,68.0
2026-04-17,PHO,70.7
2026-04-17,PLSV,47.55
2026-04-17,PLT,5.7
2026-04-17,PNOR,13.5
2026-04-17,POL,62.6
2026-04-17,PROT,500.5
2026-04-17,PRS,3.4
2026-04-17,PSE,6.2
2026-04-17,PUBLI,21.55
2026-04-17,QEC,1.924
2026-04-17,RANA,78.5
2026-04-17,REACH,6.83
2026-04-17,RECSI,0.243
2026-04-17,RING,444.1
2026-04-17,ROGS,152.14
2026-04-17,SAGA,1.5
2026-04-17,SALM,555.5
2026-04-17,SALME,4.835
2026-04-17,SATS,43.8
2026-04-17,SB1NO,217.0
2026-04-17,SBNOR,209.25
2026-04-17,SBO,34.8
2026-04-17,SCANA,1.465
2026-04-17,SCATC,123.2
2026-04-17,SDSD,1.895
2026-04-17,SKUE,343.0
2026-04-17,SMOP,49.4
2026-04-17,SNI,303.5
2026-04-17,SNOR,201.15
2026-04-17,SNTIA,78.6
2026-04-17,SOAG,453.0
2026-04-17,SOFF,67.1
2026-04-17,SOGN,354.95
2026-04-17,SOMA,28.8
2026-04-17,SPOG,79.53
2026-04-17,SPOL,207.55
2026-04-17,STB,174.4
2026-04-17,STRO,10.6
2026-04-17,SUBC,303.0
2026-04-17,SWON,82.5
2026-04-17,TECH,10.2
2026-04-17,TEKNA,3.8
2026-04-17,TEL,161.8
2026-04-17,TGS,129.0
2026-04-17,TIETO,206.0
2026-04-17,TOM,122.2
2026-04-17,TRMED,4.95
2026-04-17,TRSB,112.22
2026-04-17,VAR,44.5
2026-04-17,VEI,191.4
2026-04-17,VEND,263.0
2026-04-17,VISTN,23.2
2026-04-17,VOW,2.53
2026-04-17,VVL,498.0
2026-04-17,WAWI,122.7
2026-04-17,WSTEP,17.4
2026-04-17,WWI,712.0
2026-04-17,WWIB,642.0
2026-04-17,YAR,557.0
2026-04-17,ZAL,98.6
2026-04-17,ZAP,34.55
2026-04-17,ZLNA,30.5
2026-06-24,2020,3.704
2026-06-24,ABG,7.12
2026-06-24,ACR,4.705
2026-06-24,AFG,189.8
2026-06-24,AFK,179.0
2026-06-24,AGLX,21.6
2026-06-24,AKAST,12.18
2026-06-24,AKBM,98.3
2026-06-24,AKER,1174.0
2026-06-24,AKRBP,315.6
2026-06-24,AKSO,46.32
2026-06-24,AKVA,134.0
2026-06-24,APR,73.2
2026-06-24,AQUA,8.84
2026-06-24,ARCH,23.05
2026-06-24,ARR,5.44
2026-06-24,ASA,1.092
2026-06-24,ASAS,0.0012
2026-06-24,ATEA,169.2
2026-06-24,AURG,254.95
2026-06-24,AUSS,83.7
2026-06-24,AUTO,12.22
2026-06-24,AZT,20.3
2026-06-24,B2I,22.6
2026-06-24,BAKKA,430.4
2026-06-24,BEWI,18.82
2026-06-24,BIEN,160.0
2026-06-24,BINT,24.1
2026-06-24,BNOR,528.0
2026-06-24,BOHUS,32.1
2026-06-24,BONHR,230.0
2026-06-24,BOR,16.1
2026-06-24,BORR,41.635
2026-06-24,BOUV,43.0
2026-06-24,BRG,144.2
2026-06-24,BWE,52.7
2026-06-24,BWLPG,185.7
2026-06-24,BWO,45.45
2026-06-24,CADLR,54.15
2026-06-24,CAPSL,4.1
2026-06-24,CAVEN,7.31
2026-06-24,CLOUD,11.28
2026-06-24,CMBTO,152.4
2026-06-24,CONTX,3.5
2026-06-24,COSH,137.0
2026-06-24,CRNA,7.79
2026-06-24,DELIA,26.3
2026-06-24,DFENS,16.5
2026-06-24,DNB,295.8
2026-06-24,DNO,17.29
2026-06-24,DOFG,119.8
2026-06-24,EIOF,15.0
2026-06-24,ELABS,2.9
2026-06-24,ELK,31.58
2026-06-24,ELMRA,29.9
2026-06-24,ELO,34.5
2026-06-24,EMGS,0.188
2026-06-24,ENDUR,111.8
2026-06-24,ENH,8.0
2026-06-24,ENSU,0.6
2026-06-24,ENTRA,103.0
2026-06-24,ENVIP,40.9
2026-06-24,EPR,88.8
2026-06-24,EQNR,318.8
2026-06-24,EQVA,3.05
2026-06-24,FRO,412.6
2026-06-24,GENO,20.4
2026-06-24,GENT,34.7
2026-06-24,GJF,262.6
2026-06-24,GOD,13.05
2026-06-24,GSF,29.84
2026-06-24,GYL,420.0
2026-06-24,HAFNI,73.5
2026-06-24,HAUTO,154.4
2026-06-24,HAVI,1.15
2026-06-24,HBC,1.2
2026-06-24,HELG,157.0
2026-06-24,HERMA,16.35
2026-06-24,HEX,8.36
2026-06-24,HGSB,153.0
2026-06-24,HPUR,11.3
2026-06-24,HSHP,141.8
2026-06-24,HSPG,156.5
2026-06-24,HYPRO,0.91
2026-06-24,IDEX,8.02
2026-06-24,IOX,2.05
2026-06-24,ITERA,6.0
2026-06-24,IWS,59.6
2026-06-24,JAREN,339.85
2026-06-24,JIN,6.1
2026-06-24,KCC,93.3
2026-06-24,KID,117.4
2026-06-24,KIT,106.5
2026-06-24,KMAR,52.86
2026-06-24,KOA,2.04
2026-06-24,KOG,301.4
2026-06-24,KOMPL,6.06
2026-06-24,LIFE,0.299
2026-06-24,LINK,23.48
2026-06-24,LSG,41.36
2026-06-24,MEDI,235.0
2026-06-24,MELG,184.0
2026-06-24,MGN,24.55
2026-06-24,MING,188.04
2026-06-24,MORG,111.0
2026-06-24,MORLD,19.18
2026-06-24,MOWI,195.7
2026-06-24,MPCC,25.66
2026-06-24,MULTI,150.0
2026-06-24,NAPA,47.4
2026-06-24,NAS,15.88
2026-06-24,NAVA,16.35
2026-06-24,NEL,2.465
2026-06-24,NEXT,0.79
2026-06-24,NHY,93.96
2026-06-24,NKR,13.95
2026-06-24,NOD,182.5
2026-06-24,NOL,8.12
2026-06-24,NOM,7.25
2026-06-24,NONG,151.4
2026-06-24,NORBT,168.9
2026-06-24,NORCO,34.9
2026-06-24,NRC,7.9
2026-06-24,NSKOG,44.5
2026-06-24,NYKD,3.245
2026-06-24,ODF,112.0
2026-06-24,ODFB,109.2
2026-06-24,ODL,86.1
2026-06-24,OET,538.0
2026-06-24,OKEA,32.85
2026-06-24,ONCIN,49.9
2026-06-24,ORK,101.7
2026-06-24,OTEC,17.06
2026-06-24,OTL,58.0
2026-06-24,OTOVO,11.3
2026-06-24,PARB,69.4
2026-06-24,PEN,28.35
2026-06-24,PEXIP,75.2
2026-06-24,PHO,60.5
2026-06-24,PLSV,46.2
2026-06-24,PLT,10.36
2026-06-24,PNOR,10.96
2026-06-24,POL,61.0
2026-06-24,PROT,469.4
2026-06-24,PRS,4.37
2026-06-24,PSE,5.65
2026-06-24,PUBLI,19.388
2026-06-24,QEC,1.764
2026-06-24,REACH,5.23
2026-06-24,RECSI,0.23
2026-06-24,RING,438.0
2026-06-24,ROGS,145.24
2026-06-24,SAGA,1.605
2026-06-24,SALM,535.5
2026-06-24,SALME,4.195
2026-06-24,SATS,40.7
2026-06-24,SB1NO,192.6
2026-06-24,SBNOR,185.24
2026-06-24,SBO,33.1
2026-06-24,SCANA,1.47
2026-06-24,SCATC,96.55
2026-06-24,SDSD,1.825
2026-06-24,SKUE,329.5
2026-06-24,SMOP,51.2
2026-06-24,SNI,313.0
2026-06-24,SNOR,182.0
2026-06-24,SNTIA,77.1
2026-06-24,SOAG,442.05
2026-06-24,SOFF,58.9
2026-06-24,SOGN,318.4
2026-06-24,SOMA,25.85
2026-06-24,SPOG,72.3
2026-06-24,SPOL,187.7
2026-06-24,STB,179.1
2026-06-24,STECH,86.0
2026-06-24,STRO,10.6
2026-06-24,SUBC,342.8
2026-06-24,SWON,94.1
2026-06-24,TECH,7.98
2026-06-24,TEKNA,3.66
2026-06-24,TEL,143.8
2026-06-24,TGS,139.3
2026-06-24,TIETO,216.4
2026-06-24,TOM,95.2
2026-06-24,TRMED,4.24
2026-06-24,TRSB,110.0
2026-06-24,VAR,42.63
2026-06-24,VEI,187.0
2026-06-24,VEND,245.8
2026-06-24,VISTN,20.8
2026-06-24,VOW,2.2
2026-06-24,VVL,488.0
2026-06-24,WAWI,134.9
2026-06-24,WSTEP,13.3
2026-06-24,WWI,712.0
2026-06-24,WWIB,624.0
2026-06-24,YAR,432.7
2026-06-24,ZAL,102.0
2026-06-24,ZAP,47.35
2026-06-24,ZLNA,18.45
2026-06-25,2020,3.624
2026-06-25,ABG,7.06
2026-06-25,ACR,4.75
2026-06-25,AFG,193.6
2026-06-25,AFK,179.5
2026-06-25,AGLX,21.8
2026-06-25,AKAST,12.4
2026-06-25,AKBM,99.0
2026-06-25,AKER,1140.0
2026-06-25,AKRBP,304.1
2026-06-25,AKSO,44.62
2026-06-25,AKVA,135.0
2026-06-25,APR,73.0
2026-06-25,AQUA,8.76
2026-06-25,ARCH,22.5
2026-06-25,ARR,5.32
2026-06-25,ASA,0.987
2026-06-25,ASAS,0.0012
2026-06-25,ATEA,170.8
2026-06-25,AURG,255.0
2026-06-25,AUSS,83.7
2026-06-25,AUTO,12.09
2026-06-25,AZT,20.0
2026-06-25,B2I,22.7
2026-06-25,BAKKA,430.6
2026-06-25,BEWI,18.34
2026-06-25,BIEN,160.0
2026-06-25,BINT,23.8
2026-06-25,BNOR,509.0
2026-06-25,BOHUS,33.02
2026-06-25,BONHR,230.5
2026-06-25,BOR,16.25
2026-06-25,BORR,43.29
2026-06-25,BOUV,42.8
2026-06-25,BRG,147.8
2026-06-25,BWE,52.1
2026-06-25,BWLPG,180.0
2026-06-25,BWO,44.4
2026-06-25,CADLR,53.9
2026-06-25,CAPSL,4.4
2026-06-25,CAVEN,7.3
2026-06-25,CLOUD,10.72
2026-06-25,CMBTO,147.6
2026-06-25,CONTX,3.3
2026-06-25,COSH,136.0
2026-06-25,CRNA,7.65
2026-06-25,DELIA,23.7
2026-06-25,DFENS,16.35
2026-06-25,DNB,293.0
2026-06-25,DNO,16.72
2026-06-25,DOFG,116.4
2026-06-25,EIOF,14.5
2026-06-25,ELABS,2.93
2026-06-25,ELK,32.2
2026-06-25,ELMRA,41.7
2026-06-25,ELO,36.2
2026-06-25,EMGS,0.1815
2026-06-25,ENDUR,110.4
2026-06-25,ENH,7.95
2026-06-25,ENSU,0.6
2026-06-25,ENTRA,104.8
2026-06-25,ENVIP,41.3
2026-06-25,EPR,89.6
2026-06-25,EQNR,308.8
2026-06-25,EQVA,3.17
2026-06-25,FRO,396.7
2026-06-25,GENO,19.26
2026-06-25,GENT,36.0
2026-06-25,GJF,268.4
2026-06-25,GOD,13.0
2026-06-25,GSF,29.7
2026-06-25,GYL,420.0
2026-06-25,HAFNI,71.7
2026-06-25,HAUTO,153.7
2026-06-25,HAVI,1.14
2026-06-25,HBC,1.3
2026-06-25,HELG,157.86
2026-06-25,HERMA,15.9
2026-06-25,HEX,8.53
2026-06-25,HGSB,154.3
2026-06-25,HPUR,12.124
2026-06-25,HSHP,137.4
2026-06-25,HSPG,157.0
2026-06-25,HYPRO,0.73
2026-06-25,IDEX,8.28
2026-06-25,IOX,2.0
2026-06-25,ITERA,6.1
2026-06-25,IWS,58.6
2026-06-25,JAREN,332.05
2026-06-25,JIN,6.14
2026-06-25,KCC,92.7
2026-06-25,KID,120.0
2026-06-25,KIT,104.4
2026-06-25,KMAR,52.02
2026-06-25,KOA,2.03
2026-06-25,KOG,285.5
2026-06-25,KOMPL,6.18
2026-06-25,LIFE,0.295
2026-06-25,LINK,23.62
2026-06-25,LSG,41.04
2026-06-25,MEDI,230.0
2026-06-25,MELG,185.0
2026-06-25,MGN,23.95
2026-06-25,MING,189.68
2026-06-25,MORG,109.48
2026-06-25,MORLD,18.8
2026-06-25,MOWI,195.8
2026-06-25,MPCC,25.06
2026-06-25,MULTI,146.0
2026-06-25,NAPA,48.45
2026-06-25,NAS,16.14
2026-06-25,NAVA,16.25
2026-06-25,NEL,2.355
2026-06-25,NEXT,0.658
2026-06-25,NHY,90.24
2026-06-25,NKR,14.55
2026-06-25,NOD,179.3
2026-06-25,NOL,8.1
2026-06-25,NOM,7.15
2026-06-25,NONG,152.2
2026-06-25,NORBT,166.2
2026-06-25,NORCO,35.05
2026-06-25,NRC,7.9
2026-06-25,NSKOG,45.2
2026-06-25,NYKD,3.22
2026-06-25,ODF,111.6
2026-06-25,ODFB,108.4
2026-06-25,ODL,84.9
2026-06-25,OET,533.0
2026-06-25,OKEA,31.25
2026-06-25,ONCIN,48.5
2026-06-25,ORK,105.5
2026-06-25,OTEC,17.02
2026-06-25,OTL,56.0
2026-06-25,OTOVO,12.25
2026-06-25,PARB,68.8
2026-06-25,PEN,26.45
2026-06-25,PEXIP,75.5
2026-06-25,PHO,59.8
2026-06-25,PLSV,46.05
2026-06-25,PLT,10.32
2026-06-25,PNOR,10.94
2026-06-25,POL,58.8
2026-06-25,PROT,480.8
2026-06-25,PRS,4.345
2026-06-25,PSE,5.65
2026-06-25,PUBLI,19.362
2026-06-25,QEC,1.754
2026-06-25,REACH,5.06
2026-06-25,RING,438.95
2026-06-25,ROGS,144.0
2026-06-25,SAGA,1.595
2026-06-25,SALM,531.5
2026-06-25,SALME,4.1
2026-06-25,SATS,42.1
2026-06-25,SB1NO,191.8
2026-06-25,SBNOR,184.04
2026-06-25,SBO,33.2
2026-06-25,SCANA,1.465
2026-06-25,SCATC,95.9
2026-06-25,SDSD,1.815
2026-06-25,SKUE,330.4
2026-06-25,SMOP,50.0
2026-06-25,SNI,310.5
2026-06-25,SNOR,182.98
2026-06-25,SNTIA,79.2
2026-06-25,SOAG,441.0
2026-06-25,SOFF,56.2
2026-06-25,SOGN,319.05
2026-06-25,SOMA,24.6
2026-06-25,SPOG,72.41
2026-06-25,SPOL,188.08
2026-06-25,STB,182.8
2026-06-25,STECH,88.0
2026-06-25,STRO,10.3
2026-06-25,SUBC,331.0
2026-06-25,SWON,94.9
2026-06-25,TECH,8.1
2026-06-25,TEKNA,3.95
2026-06-25,TEL,143.9
2026-06-25,TGS,133.5
2026-06-25,TIETO,214.2
2026-06-25,TOM,95.5
2026-06-25,TRMED,4.43
2026-06-25,TRSB,110.0
2026-06-25,VAR,40.8
2026-06-25,VEI,189.6
2026-06-25,VEND,237.8
2026-06-25,VISTN,20.8
2026-06-25,VOW,2.15
2026-06-25,VVL,492.0
2026-06-25,WAWI,135.0
2026-06-25,WSTEP,13.5
2026-06-25,WWI,713.0
2026-06-25,WWIB,627.0
2026-06-25,YAR,430.0
2026-06-25,ZAL,99.6
2026-06-25,ZAP,45.15
2026-06-25,ZLNA,18.2
2026-06-29,2020,3.522
2026-06-29,ABG,7.06
2026-06-29,ACR,4.78
2026-06-29,AFG,195.0
2026-06-29,AFK,178.0
2026-06-29,AGLX,22.3
2026-06-29,AKAST,13.2
2026-06-29,AKBM,99.0
2026-06-29,AKER,1128.0
2026-06-29,AKRBP,303.1
2026-06-29,AKSO,44.22
2026-06-29,AKVA,135.5
2026-06-29,APR,71.6
2026-06-29,AQUA,8.9
2026-06-29,ARCH,23.4
2026-06-29,ARR,5.2
2026-06-29,ASA,0.922
2026-06-29,ASAS,0.0012
2026-06-29,ATEA,168.2
2026-06-29,AURG,256.95
2026-06-29,AUSS,82.4
2026-06-29,AUTO,11.95
2026-06-29,AZT,20.0
2026-06-29,B2I,22.7
2026-06-29,BAKKA,427.0
2026-06-29,BEWI,18.06
2026-06-29,BIEN,150.0
2026-06-29,BINT,23.8
2026-06-29,BNOR,509.0
2026-06-29,BOHUS,34.0
2026-06-29,BONHR,230.0
2026-06-29,BOR,16.35
2026-06-29,BORR,42.87
2026-06-29,BOUV,43.0
2026-06-29,BRG,146.2
2026-06-29,BWE,51.7
2026-06-29,BWLPG,176.0
2026-06-29,BWO,44.4
2026-06-29,CADLR,53.25
2026-06-29,CAPSL,4.4
2026-06-29,CAVEN,6.92
2026-06-29,CLOUD,11.9
2026-06-29,CMBTO,140.8
2026-06-29,CONTX,3.53
2026-06-29,COSH,133.0
2026-06-29,CRNA,7.61
2026-06-29,DELIA,23.85
2026-06-29,DFENS,16.3
2026-06-29,DNB,293.3
2026-06-29,DNO,16.65
2026-06-29,DOFG,114.1
2026-06-29,EIOF,15.0
2026-06-29,ELABS,2.95
2026-06-29,ELK,31.26
2026-06-29,ELMRA,45.55
2026-06-29,ELO,35.2
2026-06-29,EMGS,0.194
2026-06-29,ENDUR,108.8
2026-06-29,ENH,7.81
2026-06-29,ENSU,0.63
2026-06-29,ENTRA,105.6
2026-06-29,ENVIP,41.65
2026-06-29,EPR,89.0
2026-06-29,EQNR,309.1
2026-06-29,EQVA,3.15
2026-06-29,FRO,365.3
2026-06-29,GENO,18.82
2026-06-29,GENT,36.0
2026-06-29,GJF,266.6
2026-06-29,GOD,12.7
2026-06-29,GSF,28.76
2026-06-29,GYL,420.0
2026-06-29,HAFNI,69.75
2026-06-29,HAUTO,149.0
2026-06-29,HAVI,1.075
2026-06-29,HBC,1.3
2026-06-29,HELG,156.0
2026-06-29,HERMA,15.95
2026-06-29,HEX,8.34
2026-06-29,HGSB,153.06
2026-06-29,HPUR,12.1
2026-06-29,HSHP,131.6
2026-06-29,HSPG,157.0
2026-06-29,HYPRO,0.794
2026-06-29,IDEX,7.96
2026-06-29,IOX,1.92
2026-06-29,ITERA,6.14
2026-06-29,IWS,58.8
2026-06-29,JAREN,336.0
2026-06-29,JIN,6.1
2026-06-29,KCC,91.3
2026-06-29,KID,119.8
2026-06-29,KIT,101.6
2026-06-29,KMAR,51.22
2026-06-29,KOA,2.025
2026-06-29,KOG,278.4
2026-06-29,KOMPL,6.18
2026-06-29,LIFE,0.29
2026-06-29,LINK,23.26
2026-06-29,LSG,40.58
2026-06-29,MEDI,231.0
2026-06-29,MELG,185.0
2026-06-29,MGN,23.7
2026-06-29,MING,190.54
2026-06-29,MORG,109.48
2026-06-29,MORLD,19.06
2026-06-29,MOWI,192.0
2026-06-29,MPCC,25.93
2026-06-29,MULTI,145.6
2026-06-29,NAPA,46.3
2026-06-29,NAS,15.66
2026-06-29,NAVA,16.3
2026-06-29,NEL,2.33
2026-06-29,NEXT,0.576
2026-06-29,NHY,88.96
2026-06-29,NKR,14.2
2026-06-29,NOD,177.7
2026-06-29,NOL,8.18
2026-06-29,NOM,6.85
2026-06-29,NONG,152.7
2026-06-29,NORBT,163.1
2026-06-29,NORCO,35.0
2026-06-29,NRC,8.43
2026-06-29,NSKOG,43.1
2026-06-29,NYKD,3.245
2026-06-29,ODF,108.0
2026-06-29,ODFB,108.4
2026-06-29,ODL,84.7
2026-06-29,OET,504.0
2026-06-29,OKEA,30.9
2026-06-29,ONCIN,49.9
2026-06-29,ORK,105.3
2026-06-29,OTEC,17.0
2026-06-29,OTL,53.5
2026-06-29,OTOVO,12.55
2026-06-29,PARB,69.0
2026-06-29,PEN,26.45
2026-06-29,PEXIP,75.4
2026-06-29,PHO,60.8
2026-06-29,PLSV,45.65
2026-06-29,PLT,10.1
2026-06-29,PNOR,10.8
2026-06-29,POL,59.8
2026-06-29,PROT,477.6
2026-06-29,PRS,4.33
2026-06-29,PSE,5.6
2026-06-29,PUBLI,19.426
2026-06-29,QEC,1.75
2026-06-29,REACH,5.0
2026-06-29,RING,438.5
2026-06-29,ROGS,148.0
2026-06-29,SAGA,1.59
2026-06-29,SALM,517.5
2026-06-29,SALME,4.075
2026-06-29,SATS,42.7
2026-06-29,SB1NO,193.0
2026-06-29,SBNOR,184.2
2026-06-29,SBO,33.5
2026-06-29,SCANA,1.465
2026-06-29,SCATC,93.45
2026-06-29,SDSD,1.835
2026-06-29,SKUE,330.35
2026-06-29,SMOP,47.5
2026-06-29,SNI,298.0
2026-06-29,SNOR,182.98
2026-06-29,SNTIA,79.2
2026-06-29,SOAG,441.0
2026-06-29,SOFF,55.3
2026-06-29,SOGN,320.0
2026-06-29,SOMA,24.8
2026-06-29,SPOG,72.4
2026-06-29,SPOL,188.74
2026-06-29,STB,182.3
2026-06-29,STECH,87.8
2026-06-29,STRO,10.45
2026-06-29,SUBC,324.6
2026-06-29,SWON,94.0
2026-06-29,TECH,8.1
2026-06-29,TEKNA,3.99
2026-06-29,TEL,145.0
2026-06-29,TGS,131.3
2026-06-29,TOM,94.4
2026-06-29,TRMED,4.25
2026-06-29,TRSB,109.02
2026-06-29,VAR,40.67
2026-06-29,VEI,191.2
2026-06-29,VEND,232.4
2026-06-29,VISTN,20.7
2026-06-29,VOW,2.165
2026-06-29,VVL,488.0
2026-06-29,WAWI,133.1
2026-06-29,WSTEP,13.9
2026-06-29,WWI,696.0
2026-06-29,WWIB,616.0
2026-06-29,YAR,437.2
2026-06-29,ZAL,100.0
2026-06-29,ZAP,45.35
2026-06-29,ZLNA,18.6
2026-06-30,2020,3.282
2026-06-30,ABG,7.11
2026-06-30,ACR,4.95
2026-06-30,AFG,193.4
2026-06-30,AFK,175.0
2026-06-30,AGLX,22.4
2026-06-30,AKAST,13.58
2026-06-30,AKBM,96.5
2026-06-30,AKER,1148.0
2026-06-30,AKRBP,303.2
2026-06-30,AKSO,44.5
2026-06-30,AKVA,129.0
2026-06-30,APR,73.6
2026-06-30,AQUA,8.8
2026-06-30,ARCH,23.7
2026-06-30,ARR,5.2
2026-06-30,ASA,0.88
2026-06-30,ASAS,0.0012
2026-06-30,ATEA,172.8
2026-06-30,AURG,256.95
2026-06-30,AUSS,77.5
2026-06-30,AUTO,12.37
2026-06-30,AZT,20.1
2026-06-30,B2I,24.0
2026-06-30,BAKKA,402.4
2026-06-30,BEWI,17.9
2026-06-30,BIEN,146.0
2026-06-30,BINT,22.1
2026-06-30,BNOR,498.5
2026-06-30,BOHUS,33.07
2026-06-30,BONHR,230.0
2026-06-30,BOR,16.2
2026-06-30,BORR,41.7
2026-06-30,BOUV,42.95
2026-06-30,BRG,149.0
2026-06-30,BWE,51.6
2026-06-30,BWLPG,172.6
2026-06-30,BWO,43.8
2026-06-30,CADLR,54.25
2026-06-30,CAPSL,4.5
2026-06-30,CAVEN,7.2
2026-06-30,CLOUD,12.5
2026-06-30,CMBTO,139.6
2026-06-30,CONTX,3.35
2026-06-30,COSH,131.0
2026-06-30,CRNA,7.37
2026-06-30,DELIA,23.255
2026-06-30,DFENS,16.35
2026-06-30,DNB,294.7
2026-06-30,DNO,16.34
2026-06-30,DOFG,113.7
2026-06-30,EIOF,15.5
2026-06-30,ELABS,2.9
2026-06-30,ELK,31.98
2026-06-30,ELMRA,46.5
2026-06-30,ELO,35.15
2026-06-30,EMGS,0.19
2026-06-30,ENDUR,111.4
2026-06-30,ENH,7.71
2026-06-30,ENSU,0.65
2026-06-30,ENTRA,105.6
2026-06-30,ENVIP,40.95
2026-06-30,EPR,88.3
2026-06-30,EQNR,313.5
2026-06-30,EQVA,3.1
2026-06-30,FRO,343.4
2026-06-30,GENO,19.8
2026-06-30,GENT,37.9
2026-06-30,GJF,267.8
2026-06-30,GOD,12.75
2026-06-30,GSF,27.34
2026-06-30,GYL,420.0
2026-06-30,HAFNI,64.7
2026-06-30,HAUTO,144.9
2026-06-30,HAVI,1.09
2026-06-30,HBC,1.38
2026-06-30,HELG,154.0
2026-06-30,HERMA,15.0
2026-06-30,HEX,8.545
2026-06-30,HGSB,152.5
2026-06-30,HPUR,11.988
2026-06-30,HSHP,131.2
2026-06-30,HSPG,157.0
2026-06-30,HYPRO,0.9
2026-06-30,IDEX,8.0
2026-06-30,IOX,2.6
2026-06-30,ITERA,6.24
2026-06-30,IWS,57.6
2026-06-30,JAREN,333.0
2026-06-30,JIN,6.04
2026-06-30,KCC,87.2
2026-06-30,KID,119.4
2026-06-30,KIT,106.7
2026-06-30,KMAR,51.24
2026-06-30,KOA,1.994
2026-06-30,KOG,298.3
2026-06-30,KOMPL,6.26
2026-06-30,LIFE,0.289
2026-06-30,LINK,25.28
2026-06-30,LSG,38.3
2026-06-30,MEDI,229.0
2026-06-30,MELG,185.0
2026-06-30,MGN,24.0
2026-06-30,MING,188.0
2026-06-30,MORG,108.34
2026-06-30,MORLD,18.9
2026-06-30,MOWI,182.8
2026-06-30,MPCC,25.35
2026-06-30,MULTI,145.0
2026-06-30,NAPA,47.25
2026-06-30,NAS,14.74
2026-06-30,NAVA,16.35
2026-06-30,NEL,2.365
2026-06-30,NEXT,0.546
2026-06-30,NHY,89.8
2026-06-30,NKR,14.25
2026-06-30,NOD,182.2
2026-06-30,NOL,8.06
2026-06-30,NOM,7.32
2026-06-30,NONG,153.0
2026-06-30,NORBT,169.2
2026-06-30,NORCO,36.0
2026-06-30,NRC,8.56
2026-06-30,NSKOG,42.5
2026-06-30,NYKD,3.22
2026-06-30,ODF,104.2
2026-06-30,ODFB,104.2
2026-06-30,ODL,83.8
2026-06-30,OET,489.0
2026-06-30,OKEA,30.35
2026-06-30,ONCIN,50.4
2026-06-30,ORK,104.2
2026-06-30,OTEC,17.02
2026-06-30,OTL,54.7
2026-06-30,OTOVO,11.9
2026-06-30,PARB,68.0
2026-06-30,PEN,25.75
2026-06-30,PEXIP,78.6
2026-06-30,PHO,59.3
2026-06-30,PLSV,46.2
2026-06-30,PLT,10.08
2026-06-30,PNOR,10.54
2026-06-30,POL,60.4
2026-06-30,PROT,477.2
2026-06-30,PRS,4.09
2026-06-30,PSE,5.65
2026-06-30,PUBLI,18.928
2026-06-30,QEC,1.764
2026-06-30,REACH,4.88
2026-06-30,RING,434.0
2026-06-30,ROGS,145.62
2026-06-30,SAGA,1.59
2026-06-30,SALM,463.2
2026-06-30,SALME,3.95
2026-06-30,SATS,42.0
2026-06-30,SB1NO,193.4
2026-06-30,SBNOR,185.84
2026-06-30,SBO,33.4
2026-06-30,SCANA,1.435
2026-06-30,SCATC,97.2
2026-06-30,SDSD,1.835
2026-06-30,SKUE,331.7
2026-06-30,SMOP,50.0
2026-06-30,SNI,291.5
2026-06-30,SNOR,181.98
2026-06-30,SNTIA,77.0
2026-06-30,SOAG,439.85
2026-06-30,SOFF,54.0
2026-06-30,SOGN,306.0
2026-06-30,SOMA,24.5
2026-06-30,SPOG,72.1
2026-06-30,SPOL,189.28
2026-06-30,STB,185.8
2026-06-30,STECH,87.0
2026-06-30,STRO,10.45
2026-06-30,SUBC,338.0
2026-06-30,SWON,95.5
2026-06-30,TECH,8.08
2026-06-30,TEKNA,3.93
2026-06-30,TEL,141.8
2026-06-30,TGS,128.9
2026-06-30,TOM,95.1
2026-06-30,TRMED,4.275
2026-06-30,TRSB,109.0
2026-06-30,VAR,41.19
2026-06-30,VEI,189.6
2026-06-30,VEND,238.0
2026-06-30,VISTN,20.6
2026-06-30,VOW,2.15
2026-06-30,VVL,482.0
2026-06-30,WAWI,131.3
2026-06-30,WSTEP,13.6
2026-06-30,WWI,687.0
2026-06-30,WWIB,614.0
2026-06-30,YAR,435.4
2026-06-30,ZAL,99.6
2026-06-30,ZAP,48.05
2026-06-30,ZLNA,18.8
2026-07-01,2020,3.282
2026-07-01,ABG,7.11
2026-07-01,ACR,4.95
2026-07-01,AFG,193.4
2026-07-01,AFK,175.0
2026-07-01,AGLX,22.4
2026-07-01,AKAST,13.58
2026-07-01,AKBM,96.5
2026-07-01,AKER,1148.0
2026-07-01,AKRBP,303.2
2026-07-01,AKSO,44.5
2026-07-01,AKVA,129.0
2026-07-01,APR,73.6
2026-07-01,AQUA,8.8
2026-07-01,ARCH,23.7
2026-07-01,ARR,5.2
2026-07-01,ASA,0.88
2026-07-01,ASAS,0.0012
2026-07-01,ATEA,172.8
2026-07-01,AURG,256.95
2026-07-01,AUSS,77.5
2026-07-01,AUTO,12.37
2026-07-01,AZT,20.1
2026-07-01,B2I,24.0
2026-07-01,BAKKA,402.4
2026-07-01,BEWI,17.9
2026-07-01,BIEN,146.0
2026-07-01,BINT,22.1
2026-07-01,BNOR,498.5
2026-07-01,BOHUS,33.07
2026-07-01,BONHR,230.0
2026-07-01,BOR,16.2
2026-07-01,BORR,41.7
2026-07-01,BOUV,42.95
2026-07-01,BRG,149.0
2026-07-01,BWE,51.6
2026-07-01,BWLPG,172.6
2026-07-01,BWO,43.8
2026-07-01,CADLR,54.25
2026-07-01,CAPSL,4.5
2026-07-01,CAVEN,7.2
2026-07-01,CLOUD,12.5
2026-07-01,CMBTO,139.6
2026-07-01,CONTX,3.35
2026-07-01,COSH,131.0
2026-07-01,CRNA,7.37
2026-07-01,DELIA,23.255
2026-07-01,DFENS,16.35
2026-07-01,DNB,294.7
2026-07-01,DNO,16.34
2026-07-01,DOFG,113.7
2026-07-01,EIOF,15.5
2026-07-01,ELABS,2.9
2026-07-01,ELK,31.98
2026-07-01,ELMRA,46.5
2026-07-01,ELO,35.15
2026-07-01,ENDUR,111.4
2026-07-01,ENH,7.71
2026-07-01,ENSU,0.65
2026-07-01,ENTRA,105.6
2026-07-01,ENVIP,40.95
2026-07-01,EPR,88.3
2026-07-01,EQNR,313.5
2026-07-01,EQVA,3.1
2026-07-01,FRO,343.4
2026-07-01,GENO,19.8
2026-07-01,GENT,37.9
2026-07-01,GJF,267.8
2026-07-01,GOD,12.75
2026-07-01,GSF,27.34
2026-07-01,GYL,420.0
2026-07-01,HAFNI,64.7
2026-07-01,HAUTO,144.9
2026-07-01,HAVI,1.09
2026-07-01,HBC,1.38
2026-07-01,HELG,154.0
2026-07-01,HERMA,15.0
2026-07-01,HEX,8.545
2026-07-01,HGSB,152.5
2026-07-01,HPUR,11.988
2026-07-01,HSHP,131.2
2026-07-01,HSPG,157.0
2026-07-01,HYPRO,0.9
2026-07-01,IDEX,8.0
2026-07-01,IOX,2.6
2026-07-01,ITERA,6.24
2026-07-01,IWS,57.6
2026-07-01,JAREN,333.0
2026-07-01,JIN,6.04
2026-07-01,KCC,87.2
2026-07-01,KID,119.4
2026-07-01,KIT,106.7
2026-07-01,KMAR,51.24
2026-07-01,KOA,1.994
2026-07-01,KOG,298.3
2026-07-01,KOMPL,6.26
2026-07-01,LIFE,0.289
2026-07-01,LINK,25.28
2026-07-01,LSG,38.3
2026-07-01,MEDI,229.0
2026-07-01,MELG,185.0
2026-07-01,MGN,24.0
2026-07-01,MING,188.0
2026-07-01,MORG,108.34
2026-07-01,MORLD,18.9
2026-07-01,MOWI,182.8
2026-07-01,MPCC,25.35
2026-07-01,MULTI,145.0
2026-07-01,NAPA,47.25
2026-07-01,NAS,14.74
2026-07-01,NAVA,16.35
2026-07-01,NEL,2.365
2026-07-01,NEXT,0.546
2026-07-01,NHY,89.8
2026-07-01,NKR,14.25
2026-07-01,NOD,182.2
2026-07-01,NOL,8.06
2026-07-01,NOM,7.32
2026-07-01,NONG,153.0
2026-07-01,NORBT,169.2
2026-07-01,NORCO,36.0
2026-07-01,NRC,8.56
2026-07-01,NSKOG,42.5
2026-07-01,NYKD,3.22
2026-07-01,ODF,104.2
2026-07-01,ODFB,104.2
2026-07-01,ODL,83.8
2026-07-01,OET,489.0
2026-07-01,OKEA,30.35
2026-07-01,ONCIN,50.4
2026-07-01,ORK,104.2
2026-07-01,OTEC,17.02
2026-07-01,OTL,54.7
2026-07-01,OTOVO,11.9
2026-07-01,PARB,68.0
2026-07-01,PEN,25.75
2026-07-01,PEXIP,78.6
2026-07-01,PHO,59.3
2026-07-01,PLSV,46.2
2026-07-01,PLT,10.08
2026-07-01,PNOR,10.54
2026-07-01,POL,60.4
2026-07-01,PROT,477.2
2026-07-01,PRS,4.09
2026-07-01,PSE,5.65
2026-07-01,PUBLI,18.928
2026-07-01,QEC,1.764
2026-07-01,REACH,4.88
2026-07-01,RING,434.0
2026-07-01,ROGS,145.62
2026-07-01,SAGA,1.59
2026-07-01,SALM,463.2
2026-07-01,SALME,3.95
2026-07-01,SATS,42.0
2026-07-01,SB1NO,193.4
2026-07-01,SBNOR,185.84
2026-07-01,SBO,33.4
2026-07-01,SCANA,1.435
2026-07-01,SCATC,97.2
2026-07-01,SDSD,1.835
2026-07-01,SKUE,331.7
2026-07-01,SMOP,50.0
2026-07-01,SNI,291.5
2026-07-01,SNOR,181.98
2026-07-01,SNTIA,77.0
2026-07-01,SOAG,439.85
2026-07-01,SOFF,54.0
2026-07-01,SOGN,306.0
2026-07-01,SOMA,24.5
2026-07-01,SPOG,72.1
2026-07-01,SPOL,189.28
2026-07-01,STB,185.8
2026-07-01,STECH,87.0
2026-07-01,STRO,10.45
2026-07-01,SUBC,338.0
2026-07-01,SWON,95.5
2026-07-01,TECH,8.08
2026-07-01,TEKNA,3.93
2026-07-01,TEL,141.8
2026-07-01,TGS,128.9
2026-07-01,TOM,95.1
2026-07-01,TRMED,4.275
2026-07-01,TRSB,109.0
2026-07-01,VAR,41.19
2026-07-01,VEI,189.6
2026-07-01,VEND,238.0
2026-07-01,VISTN,20.6
2026-07-01,VOIM,0.19
2026-07-01,VOW,2.15
2026-07-01,VVL,482.0
2026-07-01,WAWI,131.3
2026-07-01,WSTEP,13.6
2026-07-01,WWI,687.0
2026-07-01,WWIB,614.0
2026-07-01,YAR,435.4
2026-07-01,ZAL,99.6
2026-07-01,ZAP,48.05
2026-07-01,ZLNA,18.8
2026-07-03,2020,3.476
2026-07-03,ABG,7.3
2026-07-03,ACR,4.895
2026-07-03,AFG,198.4
2026-07-03,AFK,175.0
2026-07-03,AGLX,21.7
2026-07-03,AKAST,13.2
2026-07-03,AKBM,97.6
2026-07-03,AKER,1224.0
2026-07-03,AKRBP,304.5
2026-07-03,AKSO,44.78
2026-07-03,AKVA,128.0
2026-07-03,APR,73.6
2026-07-03,AQUA,8.94
2026-07-03,ARCH,23.45
2026-07-03,ARR,5.36
2026-07-03,ASA,1.46
2026-07-03,ASAS,0.0012
2026-07-03,ATEA,172.0
2026-07-03,AURG,256.9
2026-07-03,AUSS,79.2
2026-07-03,AUTO,12.16
2026-07-03,AZT,19.7
2026-07-03,B2I,24.25
2026-07-03,BAKKA,408.6
2026-07-03,BEWI,17.8
2026-07-03,BIEN,144.0
2026-07-03,BINT,21.6
2026-07-03,BNOR,494.5
2026-07-03,BOHUS,34.9
2026-07-03,BONHR,226.0
2026-07-03,BOR,17.2
2026-07-03,BORR,44.1
2026-07-03,BOUV,44.5
2026-07-03,BRG,153.0
2026-07-03,BWE,49.45
2026-07-03,BWLPG,187.5
2026-07-03,BWO,44.65
2026-07-03,CADLR,57.55
2026-07-03,CAPSL,4.8
2026-07-03,CAVEN,7.4
2026-07-03,CLOUD,12.8
2026-07-03,CMBTO,148.8
2026-07-03,CONTX,3.44
2026-07-03,COSH,137.0
2026-07-03,CRNA,7.94
2026-07-03,DELIA,22.56
2026-07-03,DFENS,16.35
2026-07-03,DNB,297.6
2026-07-03,DNO,16.27
2026-07-03,DOFG,120.1
2026-07-03,EIOF,15.0
2026-07-03,ELABS,2.91
2026-07-03,ELK,32.02
2026-07-03,ELMRA,45.95
2026-07-03,ELO,35.0
2026-07-03,ENDUR,115.4
2026-07-03,ENH,7.7
2026-07-03,ENSU,0.66
2026-07-03,ENTRA,107.4
2026-07-03,ENVIP,42.0
2026-07-03,EPR,89.0
2026-07-03,EQNR,318.2
2026-07-03,EQVA,3.1
2026-07-03,FRO,362.9
2026-07-03,GENO,19.96
2026-07-03,GENT,37.0
2026-07-03,GJF,271.8
2026-07-03,GOD,13.3
2026-07-03,GSF,28.04
2026-07-03,GYL,402.0
2026-07-03,HAFNI,68.7
2026-07-03,HAUTO,150.1
2026-07-03,HAVI,1.115
2026-07-03,HBC,1.42
2026-07-03,HELG,152.12
2026-07-03,HERMA,15.0
2026-07-03,HEX,8.53
2026-07-03,HGSB,156.0
2026-07-03,HPUR,11.988
2026-07-03,HSHP,146.8
2026-07-03,HSPG,157.0
2026-07-03,HYPRO,0.75
2026-07-03,IDEX,8.26
2026-07-03,IOX,2.16
2026-07-03,ITERA,6.3
2026-07-03,IWS,57.6
2026-07-03,JAREN,341.0
2026-07-03,JIN,6.1
2026-07-03,KCC,91.0
2026-07-03,KID,120.0
2026-07-03,KIT,105.9
2026-07-03,KMAR,55.9
2026-07-03,KOA,2.06
2026-07-03,KOG,328.1
2026-07-03,KOMPL,6.66
2026-07-03,LIFE,0.286
2026-07-03,LINK,26.38
2026-07-03,LSG,39.3
2026-07-03,MEDI,228.0
2026-07-03,MELG,186.0
2026-07-03,MGN,24.05
2026-07-03,MING,191.0
2026-07-03,MORG,110.4
2026-07-03,MORLD,18.8
2026-07-03,MOWI,187.7
2026-07-03,MPCC,24.75
2026-07-03,MULTI,148.0
2026-07-03,NAPA,46.0
2026-07-03,NAS,14.63
2026-07-03,NAVA,17.0
2026-07-03,NEL,2.335
2026-07-03,NEXT,0.275
2026-07-03,NHY,86.2
2026-07-03,NKR,14.15
2026-07-03,NOD,182.2
2026-07-03,NOL,8.08
2026-07-03,NOM,6.8
2026-07-03,NONG,154.6
2026-07-03,NORBT,180.5
2026-07-03,NORCO,38.35
2026-07-03,NRC,8.29
2026-07-03,NSKOG,42.9
2026-07-03,NYKD,3.075
2026-07-03,ODF,104.4
2026-07-03,ODFB,105.6
2026-07-03,ODL,85.2
2026-07-03,OET,534.0
2026-07-03,OKEA,29.75
2026-07-03,ONCIN,53.0
2026-07-03,ORK,108.0
2026-07-03,OTEC,17.32
2026-07-03,OTL,55.5
2026-07-03,OTOVO,11.4
2026-07-03,PARB,70.5
2026-07-03,PEN,25.0
2026-07-03,PEXIP,84.2
2026-07-03,PHO,58.8
2026-07-03,PLSV,46.1
2026-07-03,PLT,10.82
2026-07-03,PNOR,10.6
2026-07-03,POL,59.0
2026-07-03,PROT,512.0
2026-07-03,PRS,4.16
2026-07-03,PSE,5.65
2026-07-03,PUBLI,19.776
2026-07-03,QEC,1.766
2026-07-03,REACH,5.03
2026-07-03,RING,429.4
2026-07-03,ROGS,146.0
2026-07-03,SAGA,1.58
2026-07-03,SALM,467.2
2026-07-03,SALME,4.055
2026-07-03,SATS,40.85
2026-07-03,SB1NO,199.4
2026-07-03,SBNOR,188.58
2026-07-03,SBO,33.7
2026-07-03,SCANA,1.43
2026-07-03,SCATC,99.3
2026-07-03,SDSD,1.86
2026-07-03,SKUE,331.5
2026-07-03,SMOP,48.4
2026-07-03,SNI,294.0
2026-07-03,SNOR,181.96
2026-07-03,SNTIA,79.1
2026-07-03,SOAG,427.5
2026-07-03,SOFF,56.9
2026-07-03,SOGN,302.05
2026-07-03,SOMA,25.6
2026-07-03,SPOG,73.5
2026-07-03,SPOL,191.56
2026-07-03,STB,186.5
2026-07-03,STECH,88.2
2026-07-03,STRO,10.75
2026-07-03,SUBC,336.2
2026-07-03,SWON,102.2
2026-07-03,TECH,8.08
2026-07-03,TEKNA,4.04
2026-07-03,TEL,142.2
2026-07-03,TGS,126.5
2026-07-03,TOM,99.0
2026-07-03,TRMED,4.445
2026-07-03,TRSB,108.5
2026-07-03,VAR,40.97
2026-07-03,VEI,193.6
2026-07-03,VEND,246.4
2026-07-03,VISTN,20.4
2026-07-03,VOIM,0.21
2026-07-03,VOW,2.23
2026-07-03,VVL,464.0
2026-07-03,WAWI,135.6
2026-07-03,WSTEP,13.6
2026-07-03,WWI,716.0
2026-07-03,WWIB,641.0
2026-07-03,YAR,434.2
2026-07-03,ZAL,99.4
2026-07-03,ZAP,50.0
2026-07-03,ZLNA,19.4
2026-07-06,2020,3.3
2026-07-06,ABG,7.22
2026-07-06,ACR,4.85
2026-07-06,AFG,197.8
2026-07-06,AFK,178.0
2026-07-06,AGLX,21.1
2026-07-06,AKAST,12.9
2026-07-06,AKBM,99.0
2026-07-06,AKER,1214.0
2026-07-06,AKRBP,301.5
2026-07-06,AKSO,44.98
2026-07-06,AKVA,128.5
2026-07-06,APR,48.8
2026-07-06,AQUA,9.0
2026-07-06,ARCH,23.65
2026-07-06,ARR,5.52
2026-07-06,ASA,1.248
2026-07-06,ASAS,0.0012
2026-07-06,ATEA,171.8
2026-07-06,AURG,256.9
2026-07-06,AUSS,78.5
2026-07-06,AUTO,12.29
2026-07-06,AZT,19.4
2026-07-06,B2I,24.95
2026-07-06,BAKKA,407.6
2026-07-06,BEWI,17.54
2026-07-06,BIEN,144.0
2026-07-06,BINT,21.5
2026-07-06,BNOR,487.5
2026-07-06,BOHUS,34.005
2026-07-06,BONHR,223.5
2026-07-06,BOR,16.75
2026-07-06,BORR,44.71
2026-07-06,BOUV,43.45
2026-07-06,BRG,151.6
2026-07-06,BWE,49.45
2026-07-06,BWLPG,187.8
2026-07-06,BWO,44.65
2026-07-06,CADLR,58.0
2026-07-06,CAPSL,4.79
2026-07-06,CAVEN,7.14
2026-07-06,CLOUD,12.88
2026-07-06,CMBTO,151.8
2026-07-06,CONTX,3.44
2026-07-06,COSH,133.0
2026-07-06,CRNA,7.45
2026-07-06,DELIA,21.8
2026-07-06,DFENS,16.2
2026-07-06,DNB,298.5
2026-07-06,DNO,16.08
2026-07-06,DOFG,117.5
2026-07-06,EIOF,15.45
2026-07-06,ELABS,2.86
2026-07-06,ELK,31.8
2026-07-06,ELMRA,45.6
2026-07-06,ELO,35.25
2026-07-06,ENDUR,116.4
2026-07-06,ENH,7.62
2026-07-06,ENSU,0.68
2026-07-06,ENTRA,107.8
2026-07-06,ENVIP,42.25
2026-07-06,EPR,87.3
2026-07-06,EQNR,316.5
2026-07-06,EQVA,3.3
2026-07-06,FRO,371.9
2026-07-06,GENO,18.96
2026-07-06,GENT,38.7
2026-07-06,GJF,272.6
2026-07-06,GOD,13.5
2026-07-06,GSF,27.9
2026-07-06,GYL,400.0
2026-07-06,HAFNI,70.65
2026-07-06,HAUTO,146.7
2026-07-06,HAVI,1.085
2026-07-06,HBC,1.425
2026-07-06,HELG,151.96
2026-07-06,HERMA,15.5
2026-07-06,HEX,10.55
2026-07-06,HGSB,157.02
2026-07-06,HPUR,11.66
2026-07-06,HSHP,146.2
2026-07-06,HSPG,157.0
2026-07-06,HYPRO,0.808
2026-07-06,IDEX,8.1
2026-07-06,IOX,2.14
2026-07-06,ITERA,6.3
2026-07-06,IWS,57.0
2026-07-06,JAREN,341.0
2026-07-06,JIN,6.1
2026-07-06,KCC,90.0
2026-07-06,KID,118.8
2026-07-06,KIT,103.7
2026-07-06,KMAR,53.22
2026-07-06,KOA,2.035
2026-07-06,KOG,331.2
2026-07-06,KOMPL,6.56
2026-07-06,LIFE,0.29
2026-07-06,LINK,26.04
2026-07-06,LSG,38.9
2026-07-06,MEDI,234.0
2026-07-06,MELG,186.0
2026-07-06,MGN,23.65
2026-07-06,MING,190.0
2026-07-06,MORG,108.6
2026-07-06,MORLD,18.44
2026-07-06,MOWI,185.8
2026-07-06,MPCC,24.62
2026-07-06,MULTI,151.0
2026-07-06,NAPA,44.95
2026-07-06,NAS,14.46
2026-07-06,NAVA,17.15
2026-07-06,NEL,2.39
2026-07-06,NEXT,0.231
2026-07-06,NHY,87.3
2026-07-06,NKR,14.3
2026-07-06,NOD,182.3
2026-07-06,NOL,7.84
2026-07-06,NOM,5.12
2026-07-06,NONG,154.7
2026-07-06,NORBT,179.7
2026-07-06,NORCO,38.15
2026-07-06,NRC,8.26
2026-07-06,NSKOG,42.2
2026-07-06,NYKD,3.12
2026-07-06,ODF,105.0
2026-07-06,ODFB,103.6
2026-07-06,ODL,83.9
2026-07-06,OET,543.0
2026-07-06,OKEA,29.75
2026-07-06,ONCIN,51.4
2026-07-06,ORK,107.1
2026-07-06,OTEC,17.2
2026-07-06,OTL,54.1
2026-07-06,OTOVO,11.15
2026-07-06,PARB,69.7
2026-07-06,PEN,24.45
2026-07-06,PEXIP,84.4
2026-07-06,PHO,58.8
2026-07-06,PLSV,46.5
2026-07-06,PLT,11.14
2026-07-06,PNOR,10.3
2026-07-06,POL,60.0
2026-07-06,PROT,505.5
2026-07-06,PRS,4.195
2026-07-06,PSE,5.65
2026-07-06,PUBLI,19.814
2026-07-06,QEC,1.72
2026-07-06,REACH,4.94
2026-07-06,RING,431.0
2026-07-06,ROGS,146.0
2026-07-06,SAGA,1.61
2026-07-06,SALM,461.4
2026-07-06,SALME,4.05
2026-07-06,SATS,41.05
2026-07-06,SB1NO,198.4
2026-07-06,SBNOR,189.22
2026-07-06,SBO,33.8
2026-07-06,SCANA,1.43
2026-07-06,SCATC,97.5
2026-07-06,SDSD,1.86
2026-07-06,SKUE,332.6
2026-07-06,SMOP,47.4
2026-07-06,SNI,289.5
2026-07-06,SNOR,180.4
2026-07-06,SNTIA,81.0
2026-07-06,SOAG,430.0
2026-07-06,SOFF,58.6
2026-07-06,SOGN,312.95
2026-07-06,SOMA,25.7
2026-07-06,SPOG,73.0
2026-07-06,SPOL,191.9
2026-07-06,STB,184.4
2026-07-06,STECH,89.8
2026-07-06,STRO,10.65
2026-07-06,SUBC,335.6
2026-07-06,SWON,103.8
2026-07-06,TECH,8.08
2026-07-06,TEKNA,3.86
2026-07-06,TEL,142.1
2026-07-06,TGS,125.8
2026-07-06,TOM,97.7
2026-07-06,TRMED,4.36
2026-07-06,TRSB,108.5
2026-07-06,VAR,40.87
2026-07-06,VEI,192.0
2026-07-06,VEND,246.6
2026-07-06,VISTN,20.4
2026-07-06,VOIM,0.225
2026-07-06,VOW,2.275
2026-07-06,VVL,466.0
2026-07-06,WAWI,131.5
2026-07-06,WSTEP,14.45
2026-07-06,WWI,713.0
2026-07-06,WWIB,637.0
2026-07-06,YAR,430.8
2026-07-06,ZAL,99.4
2026-07-06,ZAP,50.1
2026-07-06,ZLNA,18.6
2026-07-07,2020,3.3
2026-07-07,ABG,7.22
2026-07-07,ACR,4.85
2026-07-07,AFG,197.8
2026-07-07,AFK,178.0
2026-07-07,AGLX,21.1
2026-07-07,AKAST,12.9
2026-07-07,AKBM,99.0
2026-07-07,AKER,1214.0
2026-07-07,AKRBP,301.5
2026-07-07,AKSO,44.98
2026-07-07,AKVA,128.5
2026-07-07,APR,48.8
2026-07-07,AQUA,9.0
2026-07-07,ARCH,23.65
2026-07-07,ARR,5.52
2026-07-07,ASA,1.248
2026-07-07,ASAS,0.0012
2026-07-07,ATEA,171.8
2026-07-07,AURG,256.9
2026-07-07,AUSS,78.5
2026-07-07,AUTO,12.29
2026-07-07,AZT,19.4
2026-07-07,B2I,24.95
2026-07-07,BAKKA,407.6
2026-07-07,BEWI,17.54
2026-07-07,BIEN,144.0
2026-07-07,BINT,21.5
2026-07-07,BNOR,487.5
2026-07-07,BOHUS,34.005
2026-07-07,BONHR,223.5
2026-07-07,BOR,16.75
2026-07-07,BORR,44.71
2026-07-07,BOUV,43.45
2026-07-07,BRG,151.6
2026-07-07,BWE,49.45
2026-07-07,BWLPG,187.8
2026-07-07,BWO,44.65
2026-07-07,CADLR,58.0
2026-07-07,CAPSL,4.79
2026-07-07,CAVEN,7.14
2026-07-07,CLOUD,12.88
2026-07-07,CMBTO,151.8
2026-07-07,CONTX,3.44
2026-07-07,COSH,133.0
2026-07-07,CRNA,7.45
2026-07-07,DELIA,21.8
2026-07-07,DFENS,16.2
2026-07-07,DNB,298.5
2026-07-07,DNO,16.08
2026-07-07,DOFG,117.5
2026-07-07,EIOF,15.45
2026-07-07,ELABS,2.86
2026-07-07,ELK,31.8
2026-07-07,ELMRA,45.6
2026-07-07,ELO,35.25
2026-07-07,ENDUR,116.4
2026-07-07,ENH,7.62
2026-07-07,ENSU,0.68
2026-07-07,ENTRA,107.8
2026-07-07,ENVIP,42.25
2026-07-07,EPR,87.3
2026-07-07,EQNR,316.5
2026-07-07,EQVA,3.3
2026-07-07,FRO,371.9
2026-07-07,GENO,18.96
2026-07-07,GENT,38.7
2026-07-07,GJF,272.6
2026-07-07,GOD,13.5
2026-07-07,GSF,27.9
2026-07-07,GYL,400.0
2026-07-07,HAFNI,70.65
2026-07-07,HAUTO,146.7
2026-07-07,HAVI,1.085
2026-07-07,HBC,1.425
2026-07-07,HELG,151.96
2026-07-07,HERMA,15.5
2026-07-07,HEX,10.55
2026-07-07,HGSB,157.02
2026-07-07,HPUR,11.66
2026-07-07,HSHP,146.2
2026-07-07,HSPG,157.0
2026-07-07,HYPRO,0.808
2026-07-07,IDEX,8.1
2026-07-07,IOX,2.14
2026-07-07,ITERA,6.3
2026-07-07,IWS,57.0
2026-07-07,JAREN,341.0
2026-07-07,JIN,6.1
2026-07-07,KCC,90.0
2026-07-07,KID,118.8
2026-07-07,KIT,103.7
2026-07-07,KMAR,53.22
2026-07-07,KOA,2.035
2026-07-07,KOG,331.2
2026-07-07,KOMPL,6.56
2026-07-07,LIFE,0.29
2026-07-07,LINK,26.04
2026-07-07,LSG,38.9
2026-07-07,MEDI,234.0
2026-07-07,MELG,186.0
2026-07-07,MGN,23.65
2026-07-07,MING,190.0
2026-07-07,MORG,108.6
2026-07-07,MORLD,18.44
2026-07-07,MOWI,185.8
2026-07-07,MPCC,24.62
2026-07-07,MULTI,151.0
2026-07-07,NAPA,44.95
2026-07-07,NAS,14.46
2026-07-07,NAVA,17.15
2026-07-07,NEL,2.39
2026-07-07,NEXT,0.231
2026-07-07,NHY,87.3
2026-07-07,NKR,14.3
2026-07-07,NOD,182.3
2026-07-07,NOL,7.84
2026-07-07,NOM,5.12
2026-07-07,NONG,154.7
2026-07-07,NORBT,179.7
2026-07-07,NORCO,38.15
2026-07-07,NRC,8.26
2026-07-07,NSKOG,42.2
2026-07-07,NYKD,3.12
2026-07-07,ODF,105.0
2026-07-07,ODFB,103.6
2026-07-07,ODL,83.9
2026-07-07,OET,543.0
2026-07-07,OKEA,29.75
2026-07-07,ONCIN,51.4
2026-07-07,ORK,107.1
2026-07-07,OTEC,17.2
2026-07-07,OTL,54.1
2026-07-07,OTOVO,11.15
2026-07-07,PARB,69.7
2026-07-07,PEN,24.45
2026-07-07,PEXIP,84.4
2026-07-07,PHO,58.8
2026-07-07,PLSV,46.5
2026-07-07,PLT,11.14
2026-07-07,PNOR,10.3
2026-07-07,POL,60.0
2026-07-07,PROT,505.5
2026-07-07,PRS,4.195
2026-07-07,PSE,5.65
2026-07-07,PUBLI,19.814
2026-07-07,QEC,1.72
2026-07-07,REACH,4.94
2026-07-07,RING,431.0
2026-07-07,ROGS,146.0
2026-07-07,SAGA,1.61
2026-07-07,SALM,461.4
2026-07-07,SALME,4.05
2026-07-07,SATS,41.05
2026-07-07,SB1NO,198.4
2026-07-07,SBNOR,189.22
2026-07-07,SBO,33.8
2026-07-07,SCANA,1.43
2026-07-07,SCATC,97.5
2026-07-07,SDSD,1.86
2026-07-07,SKUE,332.6
2026-07-07,SMOP,47.4
2026-07-07,SNI,289.5
2026-07-07,SNOR,180.4
2026-07-07,SNTIA,81.0
2026-07-07,SOAG,430.0
2026-07-07,SOFF,58.6
2026-07-07,SOGN,312.95
2026-07-07,SOMA,25.7
2026-07-07,SPOG,73.0
2026-07-07,SPOL,191.9
2026-07-07,STB,184.4
2026-07-07,STECH,89.8
2026-07-07,STRO,10.65
2026-07-07,SUBC,335.6
2026-07-07,SWON,103.8
2026-07-07,TECH,8.08
2026-07-07,TEKNA,3.86
2026-07-07,TEL,142.1
2026-07-07,TGS,125.8
2026-07-07,TOM,97.7
2026-07-07,TRMED,4.36
2026-07-07,TRSB,108.5
2026-07-07,VAR,40.87
2026-07-07,VEI,192.0
2026-07-07,VEND,246.6
2026-07-07,VISTN,20.4
2026-07-07,VOIM,0.225
2026-07-07,VOW,2.275
2026-07-07,VVL,466.0
2026-07-07,WAWI,131.5
2026-07-07,WSTEP,14.45
2026-07-07,WWI,713.0
2026-07-07,WWIB,637.0
2026-07-07,YAR,430.8
2026-07-07,ZAL,99.4
2026-07-07,ZAP,50.1
2026-07-07,ZLNA,18.6
2026-07-09,2020,3.262
2026-07-09,ABG,7.3
2026-07-09,ACR,4.76
2026-07-09,AFG,195.8
2026-07-09,AFK,179.0
2026-07-09,AGLX,19.5
2026-07-09,AKAST,13.22
2026-07-09,AKBM,99.0
2026-07-09,AKER,1218.0
2026-07-09,AKRBP,313.9
2026-07-09,AKSO,46.24
2026-07-09,AKVA,128.5
2026-07-09,APR,46.7
2026-07-09,AQUA,8.82
2026-07-09,ARCH,23.95
2026-07-09,ARR,5.44
2026-07-09,ASA,1.122
2026-07-09,ASAS,0.0012
2026-07-09,ATEA,164.8
2026-07-09,AURG,251.0
2026-07-09,AUSS,79.7
2026-07-09,AUTO,11.38
2026-07-09,AZT,19.0
2026-07-09,B2I,24.5
2026-07-09,BAKKA,411.4
2026-07-09,BEWI,18.5
2026-07-09,BIEN,148.0
2026-07-09,BINT,20.8
2026-07-09,BNOR,503.0
2026-07-09,BOHUS,34.185
2026-07-09,BONHR,220.0
2026-07-09,BOR,16.75
2026-07-09,BORR,45.26
2026-07-09,BOUV,43.55
2026-07-09,BRG,150.4
2026-07-09,BWE,51.9
2026-07-09,BWLPG,195.3
2026-07-09,BWO,46.0
2026-07-09,CADLR,54.5
2026-07-09,CAPSL,4.69
2026-07-09,CAVEN,6.0
2026-07-09,CLOUD,12.94
2026-07-09,CMBTO,152.0
2026-07-09,CONTX,3.5
2026-07-09,COSH,132.0
2026-07-09,CRNA,7.31
2026-07-09,DELIA,21.93
2026-07-09,DFENS,15.55
2026-07-09,DNB,297.5
2026-07-09,DNO,16.9
2026-07-09,DOFG,122.9
2026-07-09,EIOF,15.6
2026-07-09,ELABS,2.835
2026-07-09,ELK,30.58
2026-07-09,ELMRA,45.65
2026-07-09,ELO,34.5
2026-07-09,ENDUR,115.2
2026-07-09,ENH,7.62
2026-07-09,ENSU,0.71
2026-07-09,ENTRA,107.0
2026-07-09,ENVIP,37.7
2026-07-09,EPR,86.7
2026-07-09,EQNR,336.3
2026-07-09,EQVA,3.29
2026-07-09,FRO,371.7
2026-07-09,GENO,19.4
2026-07-09,GENT,38.0
2026-07-09,GJF,275.0
2026-07-09,GOD,12.95
2026-07-09,GSF,28.44
2026-07-09,GYL,400.0
2026-07-09,HAFNI,71.2
2026-07-09,HAUTO,151.2
2026-07-09,HAVI,1.13
2026-07-09,HBC,1.4
2026-07-09,HELG,154.44
2026-07-09,HERMA,15.5
2026-07-09,HEX,9.455
2026-07-09,HGSB,157.02
2026-07-09,HPUR,11.6
2026-07-09,HSHP,148.4
2026-07-09,HSPG,157.0
2026-07-09,HYPRO,0.768
2026-07-09,IDEX,8.0
2026-07-09,IOX,2.98
2026-07-09,ITERA,6.2
2026-07-09,IWS,57.2
2026-07-09,JAREN,339.95
2026-07-09,JIN,6.02
2026-07-09,KCC,93.5
2026-07-09,KID,125.2
2026-07-09,KIT,99.85
2026-07-09,KMAR,52.74
2026-07-09,KOA,2.02
2026-07-09,KOG,321.8
2026-07-09,KOMPL,6.6
2026-07-09,LIFE,0.28
2026-07-09,LINK,25.9
2026-07-09,LSG,39.26
2026-07-09,MEDI,228.0
2026-07-09,MELG,186.98
2026-07-09,MGN,23.3
2026-07-09,MING,194.0
2026-07-09,MORG,109.4
2026-07-09,MORLD,19.08
2026-07-09,MOWI,184.3
2026-07-09,MPCC,25.18
2026-07-09,MULTI,152.0
2026-07-09,NAPA,41.25
2026-07-09,NAS,13.665
2026-07-09,NAVA,16.9
2026-07-09,NEL,2.28
2026-07-09,NEXT,0.31
2026-07-09,NHY,84.42
2026-07-09,NKR,14.45
2026-07-09,NOD,168.6
2026-07-09,NOL,7.66
2026-07-09,NOM,5.1
2026-07-09,NONG,157.2
2026-07-09,NORBT,180.9
2026-07-09,NORCO,37.1
2026-07-09,NRC,8.28
2026-07-09,NSKOG,42.1
2026-07-09,NYKD,2.99
2026-07-09,ODF,109.0
2026-07-09,ODFB,106.6
2026-07-09,ODL,85.2
2026-07-09,OET,533.0
2026-07-09,OKEA,32.3
2026-07-09,ONCIN,53.4
2026-07-09,ORK,106.0
2026-07-09,OTEC,16.76
2026-07-09,OTL,56.1
2026-07-09,OTOVO,11.4
2026-07-09,PARB,69.9
2026-07-09,PEN,25.65
2026-07-09,PEXIP,84.0
2026-07-09,PHO,59.4
2026-07-09,PLSV,47.45
2026-07-09,PLT,10.52
2026-07-09,PNOR,10.98
2026-07-09,POL,60.0
2026-07-09,PROT,506.0
2026-07-09,PRS,4.35
2026-07-09,PSE,5.8
2026-07-09,PUBLI,20.035
2026-07-09,QEC,1.672
2026-07-09,REACH,5.0
2026-07-09,RING,428.0
2026-07-09,ROGS,144.3
2026-07-09,SAGA,1.62
2026-07-09,SALM,456.4
2026-07-09,SALME,3.925
2026-07-09,SATS,41.15
2026-07-09,SB1NO,202.0
2026-07-09,SBNOR,192.14
2026-07-09,SBO,33.55
2026-07-09,SCANA,1.435
2026-07-09,SCATC,95.35
2026-07-09,SDSD,1.81
2026-07-09,SKUE,325.1
2026-07-09,SMOP,44.4
2026-07-09,SNI,304.0
2026-07-09,SNOR,179.0
2026-07-09,SNTIA,82.3
2026-07-09,SOAG,430.0
2026-07-09,SOFF,66.2
2026-07-09,SOGN,318.8
2026-07-09,SOMA,27.8
2026-07-09,SPOG,73.4
2026-07-09,SPOL,194.86
2026-07-09,STB,185.9
2026-07-09,STECH,89.2
2026-07-09,STRO,10.5
2026-07-09,SUBC,349.2
2026-07-09,SWON,99.6
2026-07-09,TECH,7.82
2026-07-09,TEKNA,3.85
2026-07-09,TEL,144.7
2026-07-09,TGS,133.5
2026-07-09,TOM,95.3
2026-07-09,TRMED,4.3
2026-07-09,TRSB,108.08
2026-07-09,VAR,43.03
2026-07-09,VEI,186.0
2026-07-09,VEND,243.2
2026-07-09,VISTN,20.2
2026-07-09,VOIM,0.201
2026-07-09,VOW,2.325
2026-07-09,VVL,468.0
2026-07-09,WAWI,137.2
2026-07-09,WSTEP,14.15
2026-07-09,WWI,722.0
2026-07-09,WWIB,655.0
2026-07-09,YAR,451.9
2026-07-09,ZAL,99.4
2026-07-09,ZAP,48.05
2026-07-09,ZLNA,18.55
2026-07-11,2020,3.13
2026-07-11,ABG,7.13
2026-07-11,ACR,4.85
2026-07-11,AFG,198.8
2026-07-11,AFK,175.0
2026-07-11,AGLX,18.45
2026-07-11,AKAST,12.94
2026-07-11,AKBM,97.3
2026-07-11,AKER,1222.0
2026-07-11,AKRBP,308.5
2026-07-11,AKSO,45.68
2026-07-11,AKVA,126.5
2026-07-11,APR,46.3
2026-07-11,AQUA,8.7
2026-07-11,ARCH,24.15
2026-07-11,ARR,5.38
2026-07-11,ASA,1.25
2026-07-11,ASAS,0.0012
2026-07-11,ATEA,160.0
2026-07-11,AURG,252.05
2026-07-11,AUSS,80.6
2026-07-11,AUTO,11.41
2026-07-11,AZT,19.1
2026-07-11,B2I,24.45
2026-07-11,BAKKA,413.6
2026-07-11,BEWI,18.3
2026-07-11,BIEN,142.0
2026-07-11,BINT,23.4
2026-07-11,BNOR,510.0
2026-07-11,BOHUS,34.4
2026-07-11,BONHR,221.0
2026-07-11,BOR,16.45
2026-07-11,BORR,41.985
2026-07-11,BOUV,43.6
2026-07-11,BRG,151.8
2026-07-11,BWE,49.3
2026-07-11,BWLPG,190.4
2026-07-11,BWO,45.5
2026-07-11,CADLR,55.0
2026-07-11,CAPSL,4.65
2026-07-11,CAVEN,6.38
2026-07-11,CLOUD,12.64
2026-07-11,CMBTO,148.8
2026-07-11,CONTX,3.34
2026-07-11,COSH,133.0
2026-07-11,CRNA,7.34
2026-07-11,DELIA,22.105
2026-07-11,DFENS,15.1
2026-07-11,DNB,298.8
2026-07-11,DNO,16.61
2026-07-11,DOFG,122.6
2026-07-11,EIOF,15.15
2026-07-11,ELABS,2.75
2026-07-11,ELK,30.3
2026-07-11,ELMRA,45.65
2026-07-11,ELO,33.85
2026-07-11,ENDUR,113.0
2026-07-11,ENH,7.55
2026-07-11,ENSU,0.71
2026-07-11,ENTRA,103.2
2026-07-11,ENVIP,38.0
2026-07-11,EPR,81.2
2026-07-11,EQNR,329.5
2026-07-11,EQVA,3.29
2026-07-11,FRO,365.8
2026-07-11,GENO,19.14
2026-07-11,GENT,38.4
2026-07-11,GJF,271.8
2026-07-11,GOD,12.9
2026-07-11,GSF,29.14
2026-07-11,GYL,400.0
2026-07-11,HAFNI,69.65
2026-07-11,HAUTO,152.0
2026-07-11,HAVI,1.115
2026-07-11,HBC,1.55
2026-07-11,HELG,155.0
2026-07-11,HERMA,15.0
2026-07-11,HEX,9.215
2026-07-11,HGSB,158.0
2026-07-11,HPUR,11.3
2026-07-11,HSHP,145.8
2026-07-11,HSPG,150.0
2026-07-11,HYPRO,0.798
2026-07-11,IDEX,8.18
2026-07-11,IOX,2.5
2026-07-11,ITERA,6.1
2026-07-11,IWS,57.4
2026-07-11,JAREN,339.9
2026-07-11,JIN,6.1
2026-07-11,KCC,92.2
2026-07-11,KID,126.6
2026-07-11,KIT,91.7
2026-07-11,KMAR,51.16
2026-07-11,KOA,2.03
2026-07-11,KOG,299.5
2026-07-11,KOMPL,6.52
2026-07-11,LIFE,0.276
2026-07-11,LINK,26.06
2026-07-11,LSG,39.34
2026-07-11,MEDI,227.0
2026-07-11,MELG,187.0
2026-07-11,MGN,23.6
2026-07-11,MING,194.88
2026-07-11,MORG,111.78
2026-07-11,MORLD,19.24
2026-07-11,MOWI,185.7
2026-07-11,MPCC,23.93
2026-07-11,MULTI,146.8
2026-07-11,NAPA,40.85
2026-07-11,NAS,13.71
2026-07-11,NAVA,16.4
2026-07-11,NEL,2.2
2026-07-11,NEXT,0.315
2026-07-11,NHY,85.06
2026-07-11,NKR,14.8
2026-07-11,NOD,168.2
2026-07-11,NOL,7.52
2026-07-11,NOM,4.935
2026-07-11,NONG,157.62
2026-07-11,NORBT,170.3
2026-07-11,NORCO,36.8
2026-07-11,NRC,8.26
2026-07-11,NSKOG,41.95
2026-07-11,NYKD,2.86
2026-07-11,ODF,112.2
2026-07-11,ODFB,109.2
2026-07-11,ODL,84.5
2026-07-11,OET,524.0
2026-07-11,OKEA,30.55
2026-07-11,ONCIN,66.0
2026-07-11,ORK,105.7
2026-07-11,OTEC,17.04
2026-07-11,OTL,56.5
2026-07-11,OTOVO,11.4
2026-07-11,PARB,70.7
2026-07-11,PEN,25.0
2026-07-11,PEXIP,84.6
2026-07-11,PHO,59.0
2026-07-11,PLSV,45.0
2026-07-11,PLT,10.92
2026-07-11,PNOR,10.32
2026-07-11,POL,58.6
2026-07-11,PROT,493.4
2026-07-11,PRS,4.35
2026-07-11,PSE,5.9
2026-07-11,PUBLI,20.23
2026-07-11,QEC,1.7
2026-07-11,REACH,4.95
2026-07-11,RING,424.0
2026-07-11,ROGS,145.0
2026-07-11,SAGA,1.605
2026-07-11,SALM,462.4
2026-07-11,SALME,3.93
2026-07-11,SATS,40.8
2026-07-11,SB1NO,203.0
2026-07-11,SBNOR,193.22
2026-07-11,SBO,33.4
2026-07-11,SCANA,1.41
2026-07-11,SCATC,95.1
2026-07-11,SDSD,1.805
2026-07-11,SKUE,328.0
2026-07-11,SMOP,45.3
2026-07-11,SNI,323.0
2026-07-11,SNOR,181.0
2026-07-11,SNTIA,81.7
2026-07-11,SOAG,430.0
2026-07-11,SOFF,66.6
2026-07-11,SOGN,319.0
2026-07-11,SOMA,27.0
2026-07-11,SPOG,73.5
2026-07-11,SPOL,195.08
2026-07-11,STB,187.7
2026-07-11,STECH,88.0
2026-07-11,STRO,10.25
2026-07-11,SUBC,332.8
2026-07-11,SWON,101.8
2026-07-11,TECH,7.84
2026-07-11,TEKNA,4.0
2026-07-11,TEL,144.8
2026-07-11,TGS,130.8
2026-07-11,TOM,95.7
2026-07-11,TRMED,4.19
2026-07-11,TRSB,111.3
2026-07-11,VAR,42.06
2026-07-11,VEI,189.2
2026-07-11,VEND,243.0
2026-07-11,VISTN,20.4
2026-07-11,VOIM,0.22
2026-07-11,VOW,2.25
2026-07-11,VVL,474.0
2026-07-11,WAWI,135.1
2026-07-11,WSTEP,14.2
2026-07-11,WWI,715.0
2026-07-11,WWIB,647.0
2026-07-11,YAR,444.5
2026-07-11,ZAL,99.4
2026-07-11,ZAP,46.05
2026-07-11,ZLNA,19.4
2026-07-15,2020,3.018
2026-07-15,ABG,7.08
2026-07-15,ACR,4.84
2026-07-15,AFG,195.0
2026-07-15,AFK,176.5
2026-07-15,AGLX,16.35
2026-07-15,AKAST,12.96
2026-07-15,AKBM,94.2
2026-07-15,AKER,1262.0
2026-07-15,AKRBP,322.3
2026-07-15,AKSO,42.02
2026-07-15,AKVA,127.0
2026-07-15,APR,43.0
2026-07-15,AQUA,8.8
2026-07-15,ARCH,23.9
2026-07-15,ARR,5.38
2026-07-15,ASA,1.0
2026-07-15,ASAS,0.002
2026-07-15,ATEA,165.0
2026-07-15,AURG,253.0
2026-07-15,AUSS,83.4
2026-07-15,AUTO,11.41
2026-07-15,AZT,18.7
2026-07-15,B2I,24.7
2026-07-15,BAKKA,437.2
2026-07-15,BEWI,18.06
2026-07-15,BIEN,146.0
2026-07-15,BINT,22.9
2026-07-15,BNOR,543.0
2026-07-15,BOHUS,35.0
2026-07-15,BONHR,231.0
2026-07-15,BOR,16.35
2026-07-15,BORR,42.1
2026-07-15,BOUV,44.35
2026-07-15,BRG,151.4
2026-07-15,BWE,50.6
2026-07-15,BWLPG,200.2
2026-07-15,BWO,44.95
2026-07-15,CADLR,57.75
2026-07-15,CAPSL,4.6
2026-07-15,CAVEN,6.0
2026-07-15,CLOUD,13.08
2026-07-15,CMBTO,150.2
2026-07-15,CONTX,3.42
2026-07-15,COSH,134.0
2026-07-15,CRNA,7.54
2026-07-15,DELIA,29.66
2026-07-15,DFENS,15.0
2026-07-15,DNB,296.0
2026-07-15,DNO,16.95
2026-07-15,DOFG,123.8
2026-07-15,EIOF,15.8
2026-07-15,ELABS,2.65
2026-07-15,ELK,32.68
2026-07-15,ELMRA,45.8
2026-07-15,ELO,35.2
2026-07-15,ENDUR,114.6
2026-07-15,ENH,7.66
2026-07-15,ENSU,0.718
2026-07-15,ENTRA,106.6
2026-07-15,ENVIP,41.45
2026-07-15,EPR,83.0
2026-07-15,EQNR,348.8
2026-07-15,EQVA,3.28
2026-07-15,FRO,362.8
2026-07-15,GENO,20.65
2026-07-15,GENT,38.6
2026-07-15,GJF,275.0
2026-07-15,GOD,13.0
2026-07-15,GSF,29.42
2026-07-15,GYL,404.0
2026-07-15,HAFNI,72.65
2026-07-15,HAUTO,159.6
2026-07-15,HAVI,1.14
2026-07-15,HBC,1.455
2026-07-15,HELG,155.0
2026-07-15,HERMA,15.3
2026-07-15,HEX,10.35
2026-07-15,HGSB,155.1
2026-07-15,HPUR,10.8
2026-07-15,HSHP,149.4
2026-07-15,HSPG,145.3
2026-07-15,HYPRO,0.764
2026-07-15,IDEX,8.04
2026-07-15,IOX,4.24
2026-07-15,ITERA,5.92
2026-07-15,IWS,57.8
2026-07-15,JAREN,338.95
2026-07-15,JIN,6.06
2026-07-15,KCC,96.2
2026-07-15,KID,126.6
2026-07-15,KIT,85.2
2026-07-15,KMAR,53.3
2026-07-15,KOA,2.0
2026-07-15,KOG,275.1
2026-07-15,KOMPL,6.8
2026-07-15,LIFE,0.296
2026-07-15,LINK,26.0
2026-07-15,LSG,40.6
2026-07-15,MEDI,234.0
2026-07-15,MELG,183.0
2026-07-15,MGN,22.9
2026-07-15,MING,193.98
2026-07-15,MORG,111.42
2026-07-15,MORLD,21.15
2026-07-15,MOWI,194.0
2026-07-15,MPCC,25.04
2026-07-15,MULTI,150.0
2026-07-15,NAPA,39.05
2026-07-15,NAS,12.78
2026-07-15,NAVA,16.05
2026-07-15,NEL,2.215
2026-07-15,NEXT,0.286
2026-07-15,NHY,87.5
2026-07-15,NKR,14.85
2026-07-15,NOD,163.6
2026-07-15,NOL,7.48
2026-07-15,NOM,4.58
2026-07-15,NONG,155.62
2026-07-15,NORBT,168.0
2026-07-15,NORCO,36.8
2026-07-15,NRC,8.39
2026-07-15,NSKOG,33.15
2026-07-15,NYKD,2.785
2026-07-15,ODF,114.0
2026-07-15,ODFB,111.2
2026-07-15,ODL,83.0
2026-07-15,OET,541.0
2026-07-15,OKEA,32.25
2026-07-15,ONCIN,81.0
2026-07-15,ORK,106.0
2026-07-15,OTEC,17.08
2026-07-15,OTL,56.0
2026-07-15,OTOVO,11.1
2026-07-15,PARB,68.4
2026-07-15,PEN,26.1
2026-07-15,PEXIP,83.1
2026-07-15,PHO,58.0
2026-07-15,PLSV,45.7
2026-07-15,PLT,13.12
2026-07-15,PNOR,10.34
2026-07-15,POL,59.6
2026-07-15,PROT,486.4
2026-07-15,PRS,4.57
2026-07-15,PSE,5.9
2026-07-15,PUBLI,20.175
2026-07-15,QEC,1.732
2026-07-15,REACH,4.895
2026-07-15,RING,422.0
2026-07-15,ROGS,145.8
2026-07-15,SAGA,1.605
2026-07-15,SALM,488.0
2026-07-15,SALME,4.095
2026-07-15,SATS,40.8
2026-07-15,SB1NO,205.0
2026-07-15,SBNOR,192.72
2026-07-15,SBO,33.0
2026-07-15,SCANA,1.405
2026-07-15,SCATC,97.9
2026-07-15,SDSD,1.82
2026-07-15,SKUE,326.1
2026-07-15,SMOP,44.4
2026-07-15,SNI,324.0
2026-07-15,SNOR,178.02
2026-07-15,SNTIA,80.0
2026-07-15,SOAG,430.0
2026-07-15,SOFF,68.9
2026-07-15,SOGN,332.8
2026-07-15,SOMA,28.75
2026-07-15,SPOG,70.85
2026-07-15,SPOL,194.12
2026-07-15,STB,198.8
2026-07-15,STECH,89.4
2026-07-15,STRO,10.25
2026-07-15,SUBC,329.6
2026-07-15,SWON,99.6
2026-07-15,TECH,7.76
2026-07-15,TEKNA,3.9
2026-07-15,TEL,145.2
2026-07-15,TGS,132.5
2026-07-15,TOM,98.5
2026-07-15,TRMED,4.33
2026-07-15,TRSB,111.0
2026-07-15,VAR,43.56
2026-07-15,VEI,188.8
2026-07-15,VEND,251.2
2026-07-15,VISTN,20.3
2026-07-15,VOIM,0.2
2026-07-15,VOW,2.205
2026-07-15,VVL,478.0
2026-07-15,WAWI,140.6
2026-07-15,WSTEP,14.2
2026-07-15,WWI,733.0
2026-07-15,WWIB,663.0
2026-07-15,YAR,459.0
2026-07-15,ZAL,100.0
2026-07-15,ZAP,47.6
2026-07-15,ZLNA,22.8
2026-07-19,2020,2.968
2026-07-19,ABG,7.05
2026-07-19,ACR,4.885
2026-07-19,AFG,192.6
2026-07-19,AFK,176.0
2026-07-19,AGLX,16.9
2026-07-19,AKAST,12.6
2026-07-19,AKBM,104.8
2026-07-19,AKER,1208.0
2026-07-19,AKRBP,327.8
2026-07-19,AKSO,41.0
2026-07-19,AKVA,126.0
2026-07-19,APR,41.7
2026-07-19,AQUA,8.62
2026-07-19,ARCH,24.0
2026-07-19,ARR,5.22
2026-07-19,ASA,1.0
2026-07-19,ASAS,0.002
2026-07-19,ATEA,159.8
2026-07-19,AURG,255.8
2026-07-19,AUSS,83.7
2026-07-19,AUTO,11.16
2026-07-19,AZT,18.85
2026-07-19,B2I,24.05
2026-07-19,BAKKA,448.8
2026-07-19,BEWI,18.58
2026-07-19,BIEN,145.0
2026-07-19,BINT,23.4
2026-07-19,BNOR,480.5
2026-07-19,BOHUS,34.3
2026-07-19,BONHR,228.5
2026-07-19,BOR,16.25
2026-07-19,BORR,40.395
2026-07-19,BOUV,44.05
2026-07-19,BRG,160.2
2026-07-19,BWE,50.9
2026-07-19,BWLPG,196.0
2026-07-19,BWO,44.15
2026-07-19,CADLR,56.85
2026-07-19,CAPSL,4.69
2026-07-19,CAVEN,6.4
2026-07-19,CLOUD,13.0
2026-07-19,CMBTO,146.0
2026-07-19,CONTX,3.4
2026-07-19,COSH,132.0
2026-07-19,CRNA,7.72
2026-07-19,DELIA,28.515
2026-07-19,DFENS,14.75
2026-07-19,DNB,296.4
2026-07-19,DNO,17.04
2026-07-19,DOFG,121.1
2026-07-19,EIOF,15.8
2026-07-19,ELABS,2.555
2026-07-19,ELK,31.74
2026-07-19,ELMRA,45.9
2026-07-19,ELO,36.15
2026-07-19,ENDUR,113.4
2026-07-19,ENH,7.55
2026-07-19,ENSU,0.68
2026-07-19,ENTRA,105.0
2026-07-19,ENVIP,41.3
2026-07-19,EPR,83.2
2026-07-19,EQNR,358.2
2026-07-19,EQVA,3.11
2026-07-19,FRO,352.6
2026-07-19,GENO,20.2
2026-07-19,GENT,40.2
2026-07-19,GJF,277.0
2026-07-19,GOD,13.6
2026-07-19,GSF,29.88
2026-07-19,GYL,404.0
2026-07-19,HAFNI,70.65
2026-07-19,HAUTO,154.8
2026-07-19,HAVI,1.12
2026-07-19,HBC,1.435
2026-07-19,HELG,158.94
2026-07-19,HERMA,15.8
2026-07-19,HEX,9.85
2026-07-19,HGSB,158.96
2026-07-19,HPUR,9.2
2026-07-19,HSHP,142.0
2026-07-19,HSPG,145.3
2026-07-19,HYPRO,0.72
2026-07-19,IDEX,7.92
2026-07-19,IOX,3.24
2026-07-19,ITERA,6.2
2026-07-19,IWS,57.8
2026-07-19,JAREN,339.95
2026-07-19,JIN,6.08
2026-07-19,KCC,94.1
2026-07-19,KID,129.0
2026-07-19,KIT,82.25
2026-07-19,KMAR,52.28
2026-07-19,KOA,2.115
2026-07-19,KOG,277.5
2026-07-19,KOMPL,6.9
2026-07-19,LIFE,0.285
2026-07-19,LINK,25.88
2026-07-19,LSG,40.64
2026-07-19,MEDI,227.0
2026-07-19,MELG,182.5
2026-07-19,MGN,22.75
2026-07-19,MING,195.02
2026-07-19,MORG,111.74
2026-07-19,MORLD,21.5
2026-07-19,MOWI,196.8
2026-07-19,MPCC,23.93
2026-07-19,MULTI,151.4
2026-07-19,NAPA,38.7
2026-07-19,NAS,12.885
2026-07-19,NAVA,16.05
2026-07-19,NEL,2.12
2026-07-19,NEXT,0.26
2026-07-19,NHY,84.96
2026-07-19,NKR,14.15
2026-07-19,NOD,159.8
2026-07-19,NOL,7.46
2026-07-19,NOM,4.65
2026-07-19,NONG,156.3
2026-07-19,NORBT,169.6
2026-07-19,NORCO,37.65
2026-07-19,NRC,8.11
2026-07-19,NSKOG,34.7
2026-07-19,NYKD,2.77
2026-07-19,ODF,113.6
2026-07-19,ODFB,111.2
2026-07-19,ODL,85.4
2026-07-19,OET,533.0
2026-07-19,OKEA,32.15
2026-07-19,ONCIN,78.2
2026-07-19,ORK,107.2
2026-07-19,OTEC,17.0
2026-07-19,OTL,56.6
2026-07-19,OTOVO,10.55
2026-07-19,PARB,61.0
2026-07-19,PEN,26.2
2026-07-19,PEXIP,80.0
2026-07-19,PHO,57.7
2026-07-19,PLSV,45.25
2026-07-19,PLT,11.3
2026-07-19,PNOR,10.38
2026-07-19,POL,60.0
2026-07-19,PROT,489.4
2026-07-19,PRS,4.5
2026-07-19,PSE,6.1
2026-07-19,PUBLI,19.8
2026-07-19,QEC,1.7
2026-07-19,REACH,4.82
2026-07-19,RING,427.0
2026-07-19,ROGS,149.0
2026-07-19,SAGA,1.61
2026-07-19,SALM,490.8
2026-07-19,SALME,4.04
2026-07-19,SATS,40.5
2026-07-19,SB1NO,207.0
2026-07-19,SBNOR,194.52
2026-07-19,SBO,32.8
2026-07-19,SCANA,1.395
2026-07-19,SCATC,96.55
2026-07-19,SDSD,1.855
2026-07-19,SKUE,331.0
2026-07-19,SMOP,44.3
2026-07-19,SNI,318.0
2026-07-19,SNOR,178.0
2026-07-19,SNTIA,78.3
2026-07-19,SOAG,430.0
2026-07-19,SOFF,63.8
2026-07-19,SOGN,329.0
2026-07-19,SOMA,26.25
2026-07-19,SPOG,71.3
2026-07-19,SPOL,193.44
2026-07-19,STB,195.9
2026-07-19,STECH,89.0
2026-07-19,STRO,10.45
2026-07-19,SUBC,319.0
2026-07-19,SWON,98.5
2026-07-19,TECH,7.98
2026-07-19,TEKNA,3.86
2026-07-19,TEL,134.4
2026-07-19,TGS,133.8
2026-07-19,TOM,110.3
2026-07-19,TRMED,4.285
2026-07-19,TRSB,114.28
2026-07-19,VAR,44.4
2026-07-19,VEI,186.6
2026-07-19,VEND,238.0
2026-07-19,VISTN,20.6
2026-07-19,VOIM,0.224
2026-07-19,VOW,2.175
2026-07-19,VVL,460.0
2026-07-19,WAWI,137.7
2026-07-19,WSTEP,14.15
2026-07-19,WWI,725.0
2026-07-19,WWIB,655.0
2026-07-19,YAR,451.3
2026-07-19,ZAL,102.0
2026-07-19,ZAP,45.55
2026-07-19,ZLNA,22.1
2026-07-23,2020,2.828
2026-07-23,ABG,7.06
2026-07-23,ACR,4.9
2026-07-23,AFG,193.6
2026-07-23,AFK,178.0
2026-07-23,AGLX,18.05
2026-07-23,AKAST,12.94
2026-07-23,AKBM,105.6
2026-07-23,AKER,1248.0
2026-07-23,AKRBP,337.0
2026-07-23,AKSO,42.88
2026-07-23,AKVA,128.0
2026-07-23,APR,42.8
2026-07-23,AQUA,8.78
2026-07-23,ARCH,24.55
2026-07-23,ARR,5.38
2026-07-23,ASA,0.93
2026-07-23,ASAS,0.002
2026-07-23,ATEA,164.8
2026-07-23,AURG,255.95
2026-07-23,AUSS,84.2
2026-07-23,AUTO,11.76
2026-07-23,AZT,19.8
2026-07-23,B2I,23.95
2026-07-23,BAKKA,444.4
2026-07-23,BEWI,18.46
2026-07-23,BIEN,145.0
2026-07-23,BINT,23.3
2026-07-23,BNOR,525.0
2026-07-23,BOHUS,34.93
2026-07-23,BONHR,229.5
2026-07-23,BOR,16.0
2026-07-23,BORR,40.82
2026-07-23,BOUV,43.7
2026-07-23,BRG,162.6
2026-07-23,BWE,53.8
2026-07-23,BWLPG,205.0
2026-07-23,BWO,44.55
2026-07-23,CADLR,55.6
2026-07-23,CAPSL,5.3
2026-07-23,CAVEN,5.52
2026-07-23,CLOUD,13.0
2026-07-23,CMBTO,147.4
2026-07-23,CONTX,3.27
2026-07-23,COSH,138.0
2026-07-23,CRNA,8.75
2026-07-23,DELIA,28.8
2026-07-23,DFENS,15.25
2026-07-23,DNB,297.2
2026-07-23,DNO,17.53
2026-07-23,DOFG,124.5
2026-07-23,EIOF,15.2
2026-07-23,ELABS,2.42
2026-07-23,ELK,32.28
2026-07-23,ELMRA,46.1
2026-07-23,ELO,36.25
2026-07-23,ENDUR,114.8
2026-07-23,ENH,7.91
2026-07-23,ENSU,0.68
2026-07-23,ENTRA,105.0
2026-07-23,ENVIP,40.9
2026-07-23,EPR,84.5
2026-07-23,EQNR,379.6
2026-07-23,EQVA,3.16
2026-07-23,FRO,368.1
2026-07-23,GENO,20.55
2026-07-23,GENT,37.6
2026-07-23,GJF,281.8
2026-07-23,GOD,14.15
2026-07-23,GSF,30.2
2026-07-23,GYL,420.0
2026-07-23,HAFNI,72.35
2026-07-23,HAUTO,159.6
2026-07-23,HAVI,1.14
2026-07-23,HBC,1.4
2026-07-23,HELG,155.48
2026-07-23,HERMA,15.8
2026-07-23,HEX,9.835
2026-07-23,HGSB,159.0
2026-07-23,HPUR,9.3
2026-07-23,HSHP,148.6
2026-07-23,HSPG,145.3
2026-07-23,HYPRO,0.68
2026-07-23,IDEX,7.78
2026-07-23,IOX,3.75
2026-07-23,ITERA,5.96
2026-07-23,IWS,57.6
2026-07-23,JAREN,336.1
2026-07-23,JIN,6.06
2026-07-23,KCC,97.1
2026-07-23,KID,129.4
2026-07-23,KIT,87.7
2026-07-23,KMAR,54.2
2026-07-23,KOA,2.145
2026-07-23,KOG,282.2
2026-07-23,KOMPL,6.7
2026-07-23,LIFE,0.2985
2026-07-23,LINK,25.7
2026-07-23,LSG,40.74
2026-07-23,MEDI,225.0
2026-07-23,MELG,185.0
2026-07-23,MGN,23.8
2026-07-23,MING,197.2
2026-07-23,MORG,112.6
2026-07-23,MORLD,21.2
2026-07-23,MOWI,199.3
2026-07-23,MPCC,24.37
2026-07-23,MULTI,149.0
2026-07-23,NAPA,40.6
2026-07-23,NAS,12.56
2026-07-23,NAVA,16.15
2026-07-23,NEL,2.175
2026-07-23,NEXT,0.26
2026-07-23,NHY,85.74
2026-07-23,NKR,14.8
2026-07-23,NOD,167.4
2026-07-23,NOL,7.46
2026-07-23,NOM,5.68
2026-07-23,NONG,158.08
2026-07-23,NORBT,176.6
2026-07-23,NORCO,37.55
2026-07-23,NRC,8.21
2026-07-23,NSKOG,37.6
2026-07-23,NYKD,3.11
2026-07-23,ODF,115.2
2026-07-23,ODFB,111.4
2026-07-23,ODL,88.5
2026-07-23,OET,541.0
2026-07-23,OKEA,35.0
2026-07-23,ONCIN,88.0
2026-07-23,ORK,105.0
2026-07-23,OTEC,17.0
2026-07-23,OTL,59.6
2026-07-23,OTOVO,10.7
2026-07-23,PARB,60.2
2026-07-23,PEN,28.25
2026-07-23,PEXIP,77.8
2026-07-23,PHO,56.3
2026-07-23,PLSV,47.85
2026-07-23,PLT,10.6
2026-07-23,PNOR,11.08
2026-07-23,POL,59.6
2026-07-23,PROT,493.6
2026-07-23,PRS,4.825
2026-07-23,PSE,6.1
2026-07-23,PUBLI,19.54
2026-07-23,QEC,1.758
2026-07-23,REACH,4.855
2026-07-23,RING,428.0
2026-07-23,ROGS,147.9
2026-07-23,SAGA,1.61
2026-07-23,SALM,500.0
2026-07-23,SALME,4.08
2026-07-23,SATS,40.2
2026-07-23,SB1NO,210.5
2026-07-23,SBNOR,197.16
2026-07-23,SBO,32.45
2026-07-23,SCANA,1.39
2026-07-23,SCATC,96.9
2026-07-23,SDSD,1.805
2026-07-23,SKUE,332.9
2026-07-23,SMOP,44.8
2026-07-23,SNI,318.0
2026-07-23,SNOR,178.0
2026-07-23,SNTIA,79.2
2026-07-23,SOAG,426.0
2026-07-23,SOFF,68.0
2026-07-23,SOGN,330.05
2026-07-23,SOMA,27.25
2026-07-23,SPOG,72.0
2026-07-23,SPOL,194.02
2026-07-23,STB,200.4
2026-07-23,STECH,89.0
2026-07-23,STRO,9.8
2026-07-23,SUBC,335.6
2026-07-23,SWON,98.0
2026-07-23,TECH,2.38
2026-07-23,TEKNA,4.25
2026-07-23,TEL,133.4
2026-07-23,TGS,146.0
2026-07-23,TOM,102.6
2026-07-23,TRMED,4.39
2026-07-23,TRSB,113.96
2026-07-23,VAR,48.75
2026-07-23,VEI,188.4
2026-07-23,VEND,238.4
2026-07-23,VISTN,20.5
2026-07-23,VOIM,0.191
2026-07-23,VOW,2.18
2026-07-23,VVL,480.0
2026-07-23,WAWI,141.3
2026-07-23,WSTEP,14.0
2026-07-23,WWI,756.0
2026-07-23,WWIB,680.0
2026-07-23,YAR,445.2
2026-07-23,ZAL,101.5
2026-07-23,ZAP,45.55
2026-07-23,ZLNA,21.4
2026-07-25,2020,3.284
2026-07-25,ABG,7.05
2026-07-25,ACR,4.9
2026-07-25,AFG,190.8
2026-07-25,AFK,184.0
2026-07-25,AGLX,18.6
2026-07-25,AKAST,13.74
2026-07-25,AKBM,106.0
2026-07-25,AKER,1250.0
2026-07-25,AKRBP,340.5
2026-07-25,AKSO,42.62
2026-07-25,AKVA,128.0
2026-07-25,APR,41.6
2026-07-25,AQUA,8.64
2026-07-25,ARCH,25.0
2026-07-25,ARR,5.48
2026-07-25,ASA,0.95
2026-07-25,ASAS,0.002
2026-07-25,ATEA,164.2
2026-07-25,AURG,255.9
2026-07-25,AUSS,83.9
2026-07-25,AUTO,11.1
2026-07-25,AZT,19.45
2026-07-25,B2I,23.55
2026-07-25,BAKKA,440.6
2026-07-25,BEWI,18.6
2026-07-25,BIEN,144.0
2026-07-25,BINT,21.8
2026-07-25,BNOR,523.0
2026-07-25,BOHUS,37.0
2026-07-25,BONHR,226.5
2026-07-25,BOR,16.0
2026-07-25,BORR,41.38
2026-07-25,BOUV,44.3
2026-07-25,BRG,158.8
2026-07-25,BWE,52.9
2026-07-25,BWLPG,210.6
2026-07-25,BWO,46.0
2026-07-25,CADLR,54.65
2026-07-25,CAPSL,5.4
2026-07-25,CAVEN,5.49
2026-07-25,CLOUD,12.84
2026-07-25,CMBTO,152.8
2026-07-25,CONTX,3.4
2026-07-25,COSH,142.0
2026-07-25,CRNA,9.25
2026-07-25,DELIA,28.0
2026-07-25,DFENS,15.15
2026-07-25,DNB,298.7
2026-07-25,DNO,17.97
2026-07-25,DOFG,125.8
2026-07-25,EIOF,15.55
2026-07-25,ELABS,2.52
2026-07-25,ELK,31.54
2026-07-25,ELMRA,46.2
2026-07-25,ELO,35.1
2026-07-25,ENDUR,112.0
2026-07-25,ENH,7.98
2026-07-25,ENSU,0.65
2026-07-25,ENTRA,104.0
2026-07-25,ENVIP,40.45
2026-07-25,EPR,82.6
2026-07-25,EQNR,392.5
2026-07-25,EQVA,3.16
2026-07-25,FRO,377.7
2026-07-25,GENO,20.85
2026-07-25,GENT,39.8
2026-07-25,GJF,279.0
2026-07-25,GOD,13.95
2026-07-25,GSF,30.62
2026-07-25,GYL,460.0
2026-07-25,HAFNI,74.15
2026-07-25,HAUTO,163.5
2026-07-25,HAVI,1.125
2026-07-25,HBC,1.365
2026-07-25,HELG,158.76
2026-07-25,HERMA,15.8
2026-07-25,HEX,10.3
2026-07-25,HGSB,161.0
2026-07-25,HPUR,9.3
2026-07-25,HSHP,154.6
2026-07-25,HSPG,145.3
2026-07-25,HYPRO,0.69
2026-07-25,IDEX,8.06
2026-07-25,IOX,3.44
2026-07-25,ITERA,6.52
2026-07-25,IWS,56.6
2026-07-25,JAREN,336.1
2026-07-25,JIN,6.06
2026-07-25,KCC,100.2
2026-07-25,KID,128.4
2026-07-25,KIT,87.6
2026-07-25,KMAR,53.06
2026-07-25,KOA,2.15
2026-07-25,KOG,289.8
2026-07-25,KOMPL,6.8
2026-07-25,LIFE,0.294
2026-07-25,LINK,24.3
2026-07-25,LSG,40.94
2026-07-25,MEDI,223.0
2026-07-25,MELG,184.96
2026-07-25,MGN,24.05
2026-07-25,MING,193.72
2026-07-25,MORG,109.72
2026-07-25,MORLD,20.9
2026-07-25,MOWI,197.8
2026-07-25,MPCC,24.87
2026-07-25,MULTI,151.4
2026-07-25,NAPA,39.0
2026-07-25,NAS,12.615
2026-07-25,NAVA,16.4
2026-07-25,NEL,2.13
2026-07-25,NEXT,0.276
2026-07-25,NHY,86.14
2026-07-25,NKR,14.9
2026-07-25,NOD,158.4
2026-07-25,NOL,7.54
2026-07-25,NOM,5.89
2026-07-25,NONG,156.96
2026-07-25,NORBT,169.9
2026-07-25,NORCO,36.95
2026-07-25,NRC,7.92
2026-07-25,NSKOG,36.25
2026-07-25,NYKD,3.19
2026-07-25,ODF,117.8
2026-07-25,ODFB,114.4
2026-07-25,ODL,91.5
2026-07-25,OET,562.0
2026-07-25,OKEA,35.5
2026-07-25,ONCIN,84.2
2026-07-25,ORK,102.0
2026-07-25,OTEC,16.88
2026-07-25,OTL,61.2
2026-07-25,OTOVO,11.5
2026-07-25,PARB,59.7
2026-07-25,PEN,28.8
2026-07-25,PEXIP,76.9
2026-07-25,PHO,56.1
2026-07-25,PLSV,47.1
2026-07-25,PLT,10.14
2026-07-25,PNOR,11.32
2026-07-25,POL,60.0
2026-07-25,PROT,478.6
2026-07-25,PRS,5.05
2026-07-25,PSE,6.1
2026-07-25,PUBLI,19.534
2026-07-25,QEC,1.734
2026-07-25,REACH,4.97
2026-07-25,RING,439.0
2026-07-25,ROGS,148.04
2026-07-25,SAGA,1.6
2026-07-25,SALM,508.5
2026-07-25,SALME,4.105
2026-07-25,SATS,40.05
2026-07-25,SB1NO,208.5
2026-07-25,SBNOR,193.58
2026-07-25,SBO,33.5
2026-07-25,SCANA,1.4
2026-07-25,SCATC,96.0
2026-07-25,SDSD,1.8
2026-07-25,SKUE,334.5
2026-07-25,SMOP,43.8
2026-07-25,SNI,328.5
2026-07-25,SNOR,177.52
2026-07-25,SNTIA,78.2
2026-07-25,SOAG,441.95
2026-07-25,SOFF,68.6
2026-07-25,SOGN,308.0
2026-07-25,SOMA,28.25
2026-07-25,SPOG,71.2
2026-07-25,SPOL,191.5
2026-07-25,STB,200.6
2026-07-25,STECH,88.4
2026-07-25,STRO,10.25
2026-07-25,SUBC,329.6
2026-07-25,SWON,98.1
2026-07-25,TECH,2.4
2026-07-25,TEKNA,5.84
2026-07-25,TEL,131.6
2026-07-25,TGS,131.8
2026-07-25,TOM,100.4
2026-07-25,TRMED,4.44
2026-07-25,TRSB,113.96
2026-07-25,VAR,48.71
2026-07-25,VEI,187.4
2026-07-25,VEND,225.0
2026-07-25,VISTN,20.0
2026-07-25,VOIM,0.242
2026-07-25,VOW,2.16
2026-07-25,VVL,474.0
2026-07-25,WAWI,145.6
2026-07-25,WSTEP,14.6
2026-07-25,WWI,763.0
2026-07-25,WWIB,691.0
2026-07-25,YAR,456.1
2026-07-25,ZAL,105.0
2026-07-25,ZAP,44.1
2026-07-25,ZLNA,21.2
2026-07-28,2020,3.13
2026-07-28,ABG,7.15
2026-07-28,ACR,4.94
2026-07-28,AFG,190.0
2026-07-28,AFK,183.5
2026-07-28,AGLX,18.85
2026-07-28,AKAST,12.94
2026-07-28,AKBM,104.6
2026-07-28,AKER,1204.0
2026-07-28,AKRBP,328.9
2026-07-28,AKSO,41.46
2026-07-28,AKVA,130.0
2026-07-28,APR,40.9
2026-07-28,AQUA,8.66
2026-07-28,ARCH,24.7
2026-07-28,ARR,5.56
2026-07-28,ASA,0.96
2026-07-28,ASAS,0.002
2026-07-28,ATEA,169.6
2026-07-28,AURG,254.0
2026-07-28,AUSS,85.7
2026-07-28,AUTO,11.4
2026-07-28,AZT,19.7
2026-07-28,B2I,24.15
2026-07-28,BAKKA,465.2
2026-07-28,BEWI,18.4
2026-07-28,BIEN,144.0
2026-07-28,BINT,23.2
2026-07-28,BNOR,509.0
2026-07-28,BOHUS,39.4
2026-07-28,BONHR,222.5
2026-07-28,BOR,16.0
2026-07-28,BORR,38.815
2026-07-28,BOUV,45.85
2026-07-28,BRG,156.8
2026-07-28,BWE,52.7
2026-07-28,BWLPG,208.4
2026-07-28,BWO,45.4
2026-07-28,CADLR,52.6
2026-07-28,CAPSL,5.4
2026-07-28,CAVEN,5.57
2026-07-28,CLOUD,12.84
2026-07-28,CMBTO,149.4
2026-07-28,CONTX,3.34
2026-07-28,COSH,140.0
2026-07-28,CRNA,8.97
2026-07-28,DELIA,27.5
2026-07-28,DFENS,15.2
2026-07-28,DNB,300.1
2026-07-28,DNO,17.06
2026-07-28,DOFG,123.9
2026-07-28,EIOF,15.55
2026-07-28,ELABS,2.53
2026-07-28,ELK,31.3
2026-07-28,ELMRA,46.05
2026-07-28,ELO,37.55
2026-07-28,ENDUR,112.4
2026-07-28,ENH,7.83
2026-07-28,ENSU,0.69
2026-07-28,ENTRA,106.4
2026-07-28,ENVIP,39.5
2026-07-28,EPR,85.0
2026-07-28,EQNR,377.4
2026-07-28,EQVA,3.18
2026-07-28,FRO,377.9
2026-07-28,GENO,21.25
2026-07-28,GENT,40.0
2026-07-28,GJF,281.4
2026-07-28,GOD,14.4
2026-07-28,GSF,31.06
2026-07-28,GYL,460.0
2026-07-28,HAFNI,72.85
2026-07-28,HAUTO,165.9
2026-07-28,HAVI,1.11
2026-07-28,HBC,1.31
2026-07-28,HELG,151.7
2026-07-28,HERMA,15.7
2026-07-28,HEX,11.2
2026-07-28,HGSB,158.0
2026-07-28,HPUR,9.98
2026-07-28,HSHP,147.6
2026-07-28,HSPG,145.3
2026-07-28,HYPRO,0.68
2026-07-28,IDEX,8.66
2026-07-28,IOX,3.01
2026-07-28,ITERA,6.38
2026-07-28,IWS,57.4
2026-07-28,JAREN,334.95
2026-07-28,JIN,6.16
2026-07-28,KCC,99.7
2026-07-28,KID,130.4
2026-07-28,KIT,86.6
2026-07-28,KMAR,54.9
2026-07-28,KOA,2.155
2026-07-28,KOG,296.5
2026-07-28,KOMPL,6.78
2026-07-28,LIFE,0.305
2026-07-28,LINK,25.2
2026-07-28,LSG,42.16
2026-07-28,MEDI,226.0
2026-07-28,MELG,185.0
2026-07-28,MGN,23.0
2026-07-28,MING,196.32
2026-07-28,MORG,111.66
2026-07-28,MORLD,20.0
2026-07-28,MOWI,203.0
2026-07-28,MPCC,24.65
2026-07-28,MULTI,151.0
2026-07-28,NAPA,39.2
2026-07-28,NAS,13.01
2026-07-28,NAVA,16.4
2026-07-28,NEL,2.115
2026-07-28,NEXT,0.31
2026-07-28,NHY,84.5
2026-07-28,NKR,14.35
2026-07-28,NOD,156.4
2026-07-28,NOL,7.44
2026-07-28,NOM,5.99
2026-07-28,NONG,157.22
2026-07-28,NORBT,173.0
2026-07-28,NORCO,39.0
2026-07-28,NRC,7.87
2026-07-28,NSKOG,37.0
2026-07-28,NYKD,3.2
2026-07-28,ODF,114.0
2026-07-28,ODFB,110.2
2026-07-28,ODL,90.4
2026-07-28,OET,564.0
2026-07-28,OKEA,33.7
2026-07-28,ONCIN,86.8
2026-07-28,ORK,105.4
2026-07-28,OTEC,16.72
2026-07-28,OTL,58.6
2026-07-28,OTOVO,12.0
2026-07-28,PARB,60.7
2026-07-28,PEN,27.75
2026-07-28,PEXIP,80.3
2026-07-28,PHO,56.8
2026-07-28,PLSV,47.25
2026-07-28,PLT,9.89
2026-07-28,PNOR,10.76
2026-07-28,POL,60.8
2026-07-28,PROT,488.2
2026-07-28,PRS,5.5
2026-07-28,PSE,6.1
2026-07-28,PUBLI,19.45
2026-07-28,QEC,1.814
2026-07-28,REACH,4.965
2026-07-28,RING,432.0
2026-07-28,ROGS,149.5
2026-07-28,SAGA,1.61
2026-07-28,SALM,521.0
2026-07-28,SALME,4.11
2026-07-28,SATS,41.25
2026-07-28,SB1NO,210.5
2026-07-28,SBNOR,193.72
2026-07-28,SBO,33.0
2026-07-28,SCANA,1.435
2026-07-28,SCATC,92.0
2026-07-28,SDSD,1.8
2026-07-28,SKUE,330.0
2026-07-28,SMOP,43.1
2026-07-28,SNI,319.5
2026-07-28,SNOR,177.5
2026-07-28,SNTIA,77.4
2026-07-28,SOAG,434.95
2026-07-28,SOFF,66.2
2026-07-28,SOGN,315.95
2026-07-28,SOMA,28.15
2026-07-28,SPOG,72.4
2026-07-28,SPOL,193.5
2026-07-28,STB,203.0
2026-07-28,STECH,88.6
2026-07-28,STRO,10.15
2026-07-28,SUBC,304.6
2026-07-28,SWON,105.4
2026-07-28,TECH,2.41
2026-07-28,TEKNA,6.0
2026-07-28,TEL,135.2
2026-07-28,TGS,125.7
2026-07-28,TOM,102.0
2026-07-28,TRMED,4.48
2026-07-28,TRSB,111.0
2026-07-28,VAR,46.81
2026-07-28,VEI,187.2
2026-07-28,VEND,236.8
2026-07-28,VISTN,20.0
2026-07-28,VOIM,0.289
2026-07-28,VOW,2.17
2026-07-28,VVL,468.0
2026-07-28,WAWI,145.2
2026-07-28,WSTEP,14.55
2026-07-28,WWI,767.0
2026-07-28,WWIB,707.0
2026-07-28,YAR,443.0
2026-07-28,ZAL,110.0
2026-07-28,ZAP,44.4
2026-07-28,ZLNA,22.5
2026-07-30,2020,3.306
2026-07-30,ABG,7.19
2026-07-30,ACR,4.97
2026-07-30,AFG,187.2
2026-07-30,AFK,182.0
2026-07-30,AGLX,19.2
2026-07-30,AKAST,12.92
2026-07-30,AKBM,104.6
2026-07-30,AKER,1202.0
2026-07-30,AKRBP,336.3
2026-07-30,AKSO,40.78
2026-07-30,AKVA,127.5
2026-07-30,APR,40.7
2026-07-30,AQUA,8.66
2026-07-30,ARCH,24.6
2026-07-30,ARR,5.54
2026-07-30,ASA,0.96
2026-07-30,ASAS,0.002
2026-07-30,ATEA,173.6
2026-07-30,AURG,254.0
2026-07-30,AUSS,85.5
2026-07-30,AUTO,11.19
2026-07-30,AZT,19.8
2026-07-30,B2I,23.8
2026-07-30,BAKKA,455.4
2026-07-30,BEWI,18.5
2026-07-30,BIEN,144.0
2026-07-30,BINT,22.2
2026-07-30,BNOR,517.0
2026-07-30,BOHUS,38.8
2026-07-30,BONHR,223.0
2026-07-30,BOR,16.25
2026-07-30,BORR,37.395
2026-07-30,BOUV,46.8
2026-07-30,BRG,157.8
2026-07-30,BWE,52.8
2026-07-30,BWLPG,208.0
2026-07-30,BWO,46.6
2026-07-30,CADLR,52.15
2026-07-30,CAPSL,5.4
2026-07-30,CAVEN,5.7
2026-07-30,CLOUD,13.0
2026-07-30,CMBTO,149.6
2026-07-30,CONTX,3.44
2026-07-30,COSH,140.0
2026-07-30,CRNA,8.65
2026-07-30,DELIA,26.7
2026-07-30,DFENS,14.85
2026-07-30,DNB,297.4
2026-07-30,DNO,17.16
2026-07-30,DOFG,121.6
2026-07-30,EIOF,15.6
2026-07-30,ELABS,2.46
2026-07-30,ELK,31.28
2026-07-30,ELMRA,45.9
2026-07-30,ELO,36.75
2026-07-30,ENDUR,113.0
2026-07-30,ENH,7.93
2026-07-30,ENSU,0.699
2026-07-30,ENTRA,106.4
2026-07-30,ENVIP,39.45
2026-07-30,EPR,84.4
2026-07-30,EQNR,392.5
2026-07-30,EQVA,3.19
2026-07-30,FRO,371.9
2026-07-30,GENO,21.6
2026-07-30,GENT,39.0
2026-07-30,GJF,280.4
2026-07-30,GOD,14.5
2026-07-30,GSF,30.64
2026-07-30,GYL,460.0
2026-07-30,HAFNI,72.2
2026-07-30,HAUTO,166.6
2026-07-30,HAVI,1.19
2026-07-30,HBC,1.25
2026-07-30,HELG,153.04
2026-07-30,HERMA,15.7
2026-07-30,HEX,11.28
2026-07-30,HGSB,158.0
2026-07-30,HPUR,9.8
2026-07-30,HSHP,142.4
2026-07-30,HSPG,145.3
2026-07-30,HYPRO,0.688
2026-07-30,IDEX,8.86
2026-07-30,IOX,3.0
2026-07-30,ITERA,6.36
2026-07-30,IWS,56.4
2026-07-30,JAREN,332.0
2026-07-30,JIN,6.14
2026-07-30,KCC,98.5
2026-07-30,KID,131.4
2026-07-30,KIT,86.0
2026-07-30,KMAR,53.22
2026-07-30,KOA,2.145
2026-07-30,KOG,293.5
2026-07-30,KOMPL,6.76
2026-07-30,LIFE,0.335
2026-07-30,LINK,25.76
2026-07-30,LSG,41.82
2026-07-30,MEDI,226.0
2026-07-30,MELG,185.0
2026-07-30,MGN,22.25
2026-07-30,MING,194.04
2026-07-30,MORG,111.5
2026-07-30,MORLD,19.92
2026-07-30,MOWI,203.4
2026-07-30,MPCC,24.33
2026-07-30,MULTI,150.6
2026-07-30,NAPA,38.25
2026-07-30,NAS,12.95
2026-07-30,NAVA,16.25
2026-07-30,NEL,2.14
2026-07-30,NEXT,0.3
2026-07-30,NHY,85.14
2026-07-30,NKR,14.6
2026-07-30,NOD,151.9
2026-07-30,NOL,7.42
2026-07-30,NOM,6.03
2026-07-30,NONG,155.2
2026-07-30,NORBT,170.9
2026-07-30,NORCO,38.65
2026-07-30,NRC,7.78
2026-07-30,NSKOG,36.95
2026-07-30,NYKD,3.185
2026-07-30,ODF,111.6
2026-07-30,ODFB,109.2
2026-07-30,ODL,90.7
2026-07-30,OET,561.0
2026-07-30,OKEA,34.15
2026-07-30,ONCIN,86.8
2026-07-30,ORK,105.8
2026-07-30,OTEC,16.82
2026-07-30,OTL,57.0
2026-07-30,OTOVO,11.6
2026-07-30,PARB,61.2
2026-07-30,PEN,27.95
2026-07-30,PEXIP,82.6
2026-07-30,PHO,54.1
2026-07-30,PLSV,47.0
2026-07-30,PLT,10.38
2026-07-30,PNOR,10.54
2026-07-30,POL,59.8
2026-07-30,PROT,485.4
2026-07-30,PRS,5.75
2026-07-30,PSE,6.15
2026-07-30,PUBLI,18.974
2026-07-30,QEC,1.848
2026-07-30,REACH,5.16
2026-07-30,RING,428.0
2026-07-30,ROGS,148.08
2026-07-30,SAGA,1.595
2026-07-30,SALM,519.5
2026-07-30,SALME,4.08
2026-07-30,SATS,41.65
2026-07-30,SB1NO,209.0
2026-07-30,SBNOR,190.0
2026-07-30,SBO,32.75
2026-07-30,SCANA,1.48
2026-07-30,SCATC,90.65
2026-07-30,SDSD,1.83
2026-07-30,SKUE,332.2
2026-07-30,SMOP,43.4
2026-07-30,SNI,316.5
2026-07-30,SNOR,179.0
2026-07-30,SNTIA,77.1
2026-07-30,SOAG,425.0
2026-07-30,SOFF,67.1
2026-07-30,SOGN,313.85
2026-07-30,SOMA,28.2
2026-07-30,SPOG,72.6
2026-07-30,SPOL,190.1
2026-07-30,STB,200.8
2026-07-30,STECH,88.0
2026-07-30,STRO,10.2
2026-07-30,SUBC,304.8
2026-07-30,SWON,104.8
2026-07-30,TECH,2.45
2026-07-30,TEKNA,6.0
2026-07-30,TEL,135.0
2026-07-30,TGS,125.7
2026-07-30,TOM,101.8
2026-07-30,TRMED,4.45
2026-07-30,TRSB,113.0
2026-07-30,VAR,47.9
2026-07-30,VEI,187.0
2026-07-30,VEND,242.8
2026-07-30,VISTN,20.3
2026-07-30,VOIM,0.489
2026-07-30,VOW,2.175
2026-07-30,VVL,472.0
2026-07-30,WAWI,145.7
2026-07-30,WSTEP,14.65
2026-07-30,WWI,761.0
2026-07-30,WWIB,710.0
2026-07-30,YAR,450.7
2026-07-30,ZAL,98.0
2026-07-30,ZAP,45.25
2026-07-30,ZLNA,22.2
2026-07-31,2020,3.376
2026-07-31,ABG,7.2
2026-07-31,ACR,4.9
2026-07-31,AFG,189.4
2026-07-31,AFK,182.0
2026-07-31,AGLX,19.1
2026-07-31,AKAST,12.78
2026-07-31,AKBM,104.0
2026-07-31,AKER,1186.0
2026-07-31,AKRBP,334.6
2026-07-31,AKSO,41.66
2026-07-31,AKVA,130.5
2026-07-31,APR,41.4
2026-07-31,AQUA,8.7
2026-07-31,ARCH,24.2
2026-07-31,ARR,5.52
2026-07-31,ASA,1.06
2026-07-31,ASAS,0.002
2026-07-31,ATEA,172.2
2026-07-31,AURG,257.0
2026-07-31,AUSS,85.3
2026-07-31,AUTO,11.56
2026-07-31,AZT,19.5
2026-07-31,B2I,24.4
2026-07-31,BAKKA,457.0
2026-07-31,BEWI,18.52
2026-07-31,BIEN,145.0
2026-07-31,BINT,23.6
2026-07-31,BNOR,511.0
2026-07-31,BOHUS,38.9
2026-07-31,BONHR,226.5
2026-07-31,BOR,16.25
2026-07-31,BORR,37.435
2026-07-31,BOUV,45.75
2026-07-31,BRG,159.2
2026-07-31,BWE,51.4
2026-07-31,BWLPG,210.8
2026-07-31,BWO,46.1
2026-07-31,CADLR,53.65
2026-07-31,CAPSL,5.24
2026-07-31,CAVEN,5.99
2026-07-31,CLOUD,13.1
2026-07-31,CMBTO,152.4
2026-07-31,CONTX,3.4
2026-07-31,COSH,139.0
2026-07-31,CRNA,8.46
2026-07-31,DELIA,27.6
2026-07-31,DFENS,15.0
2026-07-31,DNB,303.9
2026-07-31,DNO,16.84
2026-07-31,DOFG,123.5
2026-07-31,EIOF,16.15
2026-07-31,ELABS,2.49
2026-07-31,ELK,31.22
2026-07-31,ELMRA,45.8
2026-07-31,ELO,36.9
2026-07-31,ENDUR,112.8
2026-07-31,ENH,7.95
2026-07-31,ENSU,0.699
2026-07-31,ENTRA,106.8
2026-07-31,ENVIP,40.95
2026-07-31,EPR,85.9
2026-07-31,EQNR,383.5
2026-07-31,EQVA,3.16
2026-07-31,FRO,369.3
2026-07-31,GENO,21.45
2026-07-31,GENT,39.0
2026-07-31,GJF,283.4
2026-07-31,GOD,14.35
2026-07-31,GSF,30.74
2026-07-31,GYL,460.0
2026-07-31,HAFNI,72.85
2026-07-31,HAUTO,168.0
2026-07-31,HAVI,1.125
2026-07-31,HBC,1.315
2026-07-31,HELG,153.04
2026-07-31,HERMA,15.7
2026-07-31,HEX,11.11
2026-07-31,HGSB,158.98
2026-07-31,HPUR,9.32
2026-07-31,HSHP,144.2
2026-07-31,HSPG,145.3
2026-07-31,HYPRO,0.62
2026-07-31,IDEX,8.42
2026-07-31,IOX,3.03
2026-07-31,ITERA,6.48
2026-07-31,IWS,56.0
2026-07-31,JAREN,335.9
2026-07-31,JIN,6.18
2026-07-31,KCC,99.8
2026-07-31,KID,130.8
2026-07-31,KIT,86.55
2026-07-31,KMAR,53.5
2026-07-31,KOA,2.135
2026-07-31,KOG,294.9
2026-07-31,KOMPL,6.8
2026-07-31,LIFE,0.3495
2026-07-31,LINK,25.66
2026-07-31,LSG,41.98
2026-07-31,MEDI,226.0
2026-07-31,MELG,185.0
2026-07-31,MGN,22.35
2026-07-31,MING,196.54
2026-07-31,MORG,110.5
2026-07-31,MORLD,19.92
2026-07-31,MOWI,204.8
2026-07-31,MPCC,24.42
2026-07-31,MULTI,152.0
2026-07-31,NAPA,39.15
2026-07-31,NAS,13.055
2026-07-31,NAVA,16.85
2026-07-31,NEL,2.15
2026-07-31,NEXT,0.288
2026-07-31,NHY,86.76
2026-07-31,NKR,14.7
2026-07-31,NOD,158.6
2026-07-31,NOL,7.46
2026-07-31,NOM,6.19
2026-07-31,NONG,156.9
2026-07-31,NORBT,173.1
2026-07-31,NORCO,38.9
2026-07-31,NRC,7.84
2026-07-31,NSKOG,37.95
2026-07-31,NYKD,3.52
2026-07-31,ODF,112.8
2026-07-31,ODFB,110.0
2026-07-31,ODL,90.6
2026-07-31,OET,556.0
2026-07-31,OKEA,33.8
2026-07-31,ONCIN,85.6
2026-07-31,ORK,105.9
2026-07-31,OTEC,16.8
2026-07-31,OTL,57.8
2026-07-31,OTOVO,11.75
2026-07-31,PARB,61.2
2026-07-31,PEN,27.6
2026-07-31,PEXIP,80.7
2026-07-31,PHO,53.3
2026-07-31,PLSV,47.3
2026-07-31,PLT,10.38
2026-07-31,PNOR,10.44
2026-07-31,POL,57.8
2026-07-31,PROT,495.2
2026-07-31,PRS,5.63
2026-07-31,PSE,6.0
2026-07-31,PUBLI,19.376
2026-07-31,QEC,1.864
2026-07-31,REACH,5.19
2026-07-31,RING,427.5
2026-07-31,ROGS,147.98
2026-07-31,SAGA,1.6
2026-07-31,SALM,523.0
2026-07-31,SALME,4.1
2026-07-31,SATS,42.45
2026-07-31,SB1NO,211.5
2026-07-31,SBNOR,195.36
2026-07-31,SBO,33.5
2026-07-31,SCANA,1.48
2026-07-31,SCATC,92.55
2026-07-31,SDSD,1.8
2026-07-31,SKUE,329.95
2026-07-31,SMOP,44.2
2026-07-31,SNI,314.0
2026-07-31,SNOR,178.0
2026-07-31,SNTIA,76.7
2026-07-31,SOAG,430.0
2026-07-31,SOFF,68.3
2026-07-31,SOGN,315.0
2026-07-31,SOMA,28.4
2026-07-31,SPOG,72.58
2026-07-31,SPOL,193.46
2026-07-31,STB,203.0
2026-07-31,STECH,89.4
2026-07-31,STRO,10.05
2026-07-31,SUBC,312.8
2026-07-31,SWON,103.0
2026-07-31,TECH,2.45
2026-07-31,TEKNA,6.0
2026-07-31,TEL,134.3
2026-07-31,TGS,126.1
2026-07-31,TOM,105.1
2026-07-31,TRMED,4.52
2026-07-31,TRSB,113.0
2026-07-31,VAR,47.3
2026-07-31,VEI,188.4
2026-07-31,VEND,241.0
2026-07-31,VISTN,20.2
2026-07-31,VOIM,0.73
2026-07-31,VOW,2.17
2026-07-31,VVL,464.0
2026-07-31,WAWI,147.4
2026-07-31,WSTEP,14.8
2026-07-31,WWI,765.0
2026-07-31,WWIB,704.0
2026-07-31,YAR,450.4
2026-07-31,ZAL,104.0
2026-07-31,ZAP,45.4
2026-07-31,ZLNA,21.5
2026-08-01,2020,3.3
2026-08-01,ABG,7.19
2026-08-01,ACR,4.86
2026-08-01,AFG,189.4
2026-08-01,AFK,184.0
2026-08-01,AGLX,19.1
2026-08-01,AKAST,12.98
2026-08-01,AKBM,110.0
2026-08-01,AKER,1274.0
2026-08-01,AKRBP,334.5
2026-08-01,AKSO,42.04
2026-08-01,AKVA,129.0
2026-08-01,APR,41.2
2026-08-01,AQUA,8.74
2026-08-01,ARCH,24.8
2026-08-01,ARR,5.5
2026-08-01,ASA,0.925
2026-08-01,ASAS,0.002
2026-08-01,ATEA,171.2
2026-08-01,AURG,257.0
2026-08-01,AUSS,85.0
2026-08-01,AUTO,11.99
2026-08-01,AZT,19.6
2026-08-01,B2I,24.25
2026-08-01,BAKKA,452.6
2026-08-01,BEWI,19.0
2026-08-01,BIEN,143.0
2026-08-01,BINT,23.3
2026-08-01,BNOR,512.0
2026-08-01,BOHUS,38.65
2026-08-01,BONHR,224.5
2026-08-01,BOR,16.3
2026-08-01,BORR,37.56
2026-08-01,BOUV,45.15
2026-08-01,BRG,158.0
2026-08-01,BWE,51.9
2026-08-01,BWLPG,215.2
2026-08-01,BWO,46.65
2026-08-01,CADLR,53.65
2026-08-01,CAPSL,5.48
2026-08-01,CAVEN,5.98
2026-08-01,CLOUD,13.06
2026-08-01,CMBTO,154.0
2026-08-01,CONTX,3.44
2026-08-01,COSH,140.0
2026-08-01,CRNA,8.2
2026-08-01,DELIA,27.6
2026-08-01,DFENS,15.1
2026-08-01,DNB,305.0
2026-08-01,DNO,16.72
2026-08-01,DOFG,124.5
2026-08-01,EIOF,16.15
2026-08-01,ELABS,2.555
2026-08-01,ELK,31.0
2026-08-01,ELMRA,45.7
2026-08-01,ELO,36.35
2026-08-01,ENDUR,115.0
2026-08-01,ENH,7.95
2026-08-01,ENSU,0.675
2026-08-01,ENTRA,106.0
2026-08-01,ENVIP,40.65
2026-08-01,EPR,85.3
2026-08-01,EQNR,386.4
2026-08-01,EQVA,3.18
2026-08-01,FRO,375.8
2026-08-01,GENO,21.8
2026-08-01,GENT,39.8
2026-08-01,GJF,282.2
2026-08-01,GOD,14.8
2026-08-01,GSF,30.18
2026-08-01,GYL,460.0
2026-08-01,HAFNI,72.75
2026-08-01,HAUTO,168.5
2026-08-01,HAVI,1.155
2026-08-01,HBC,1.35
2026-08-01,HELG,157.18
2026-08-01,HERMA,15.7
2026-08-01,HEX,10.92
2026-08-01,HGSB,158.0
2026-08-01,HPUR,9.34
2026-08-01,HSHP,149.0
2026-08-01,HSPG,145.3
2026-08-01,HYPRO,0.598
2026-08-01,IDEX,8.36
2026-08-01,IOX,2.91
2026-08-01,ITERA,6.36
2026-08-01,IWS,55.8
2026-08-01,JAREN,336.1
2026-08-01,JIN,6.18
2026-08-01,KCC,100.4
2026-08-01,KID,129.8
2026-08-01,KIT,86.9
2026-08-01,KMAR,53.3
2026-08-01,KOA,2.16
2026-08-01,KOG,296.2
2026-08-01,KOMPL,6.78
2026-08-01,LIFE,0.332
2026-08-01,LINK,25.5
2026-08-01,LSG,41.5
2026-08-01,MEDI,226.0
2026-08-01,MELG,185.0
2026-08-01,MGN,22.35
2026-08-01,MING,196.32
2026-08-01,MORG,111.5
2026-08-01,MORLD,19.9
2026-08-01,MOWI,202.6
2026-08-01,MPCC,24.36
2026-08-01,MULTI,152.0
2026-08-01,NAPA,38.6
2026-08-01,NAS,13.025
2026-08-01,NAVA,16.6
2026-08-01,NEL,2.14
2026-08-01,NEXT,0.28
2026-08-01,NHY,86.66
2026-08-01,NKR,14.9
2026-08-01,NOD,158.7
2026-08-01,NOL,7.5
2026-08-01,NOM,6.4
2026-08-01,NONG,158.24
2026-08-01,NORBT,175.4
2026-08-01,NORCO,38.85
2026-08-01,NRC,7.74
2026-08-01,NSKOG,40.2
2026-08-01,NYKD,3.38
2026-08-01,ODF,114.0
2026-08-01,ODFB,111.2
2026-08-01,ODL,91.0
2026-08-01,OET,575.0
2026-08-01,OKEA,33.95
2026-08-01,ONCIN,82.0
2026-08-01,ORK,105.4
2026-08-01,OTEC,18.0
2026-08-01,OTL,58.1
2026-08-01,OTOVO,11.75
2026-08-01,PARB,61.5
2026-08-01,PEN,27.85
2026-08-01,PEXIP,80.2
2026-08-01,PHO,53.0
2026-08-01,PLSV,47.55
2026-08-01,PLT,10.36
2026-08-01,PNOR,10.4
2026-08-01,POL,57.4
2026-08-01,PROT,491.4
2026-08-01,PRS,5.58
2026-08-01,PSE,6.05
2026-08-01,PUBLI,19.25
2026-08-01,QEC,1.88
2026-08-01,REACH,5.13
2026-08-01,RING,438.0
2026-08-01,ROGS,150.0
2026-08-01,SAGA,1.59
2026-08-01,SALM,515.5
2026-08-01,SALME,4.045
2026-08-01,SATS,41.95
2026-08-01,SB1NO,212.0
2026-08-01,SBNOR,196.58
2026-08-01,SBO,33.45
2026-08-01,SCANA,1.495
2026-08-01,SCATC,91.6
2026-08-01,SDSD,1.84
2026-08-01,SKUE,328.0
2026-08-01,SMOP,43.6
2026-08-01,SNI,318.0
2026-08-01,SNOR,176.5
2026-08-01,SNTIA,77.6
2026-08-01,SOAG,430.0
2026-08-01,SOFF,67.8
2026-08-01,SOGN,316.1
2026-08-01,SOMA,28.2
2026-08-01,SPOG,72.5
2026-08-01,SPOL,194.68
2026-08-01,STB,201.4
2026-08-01,STECH,88.2
2026-08-01,STRO,10.1
2026-08-01,SUBC,318.4
2026-08-01,SWON,103.4
2026-08-01,TECH,2.44
2026-08-01,TEKNA,6.12
2026-08-01,TEL,133.8
2026-08-01,TGS,127.4
2026-08-01,TOM,104.8
2026-08-01,TRMED,5.79
2026-08-01,TRSB,113.0
2026-08-01,VAR,47.2
2026-08-01,VEI,188.2
2026-08-01,VEND,239.0
2026-08-01,VISTN,20.3
2026-08-01,VOIM,0.632
2026-08-01,VOW,2.155
2026-08-01,VVL,460.0
2026-08-01,WAWI,147.7
2026-08-01,WSTEP,14.65
2026-08-01,WWI,768.0
2026-08-01,WWIB,713.0
2026-08-01,YAR,446.7
2026-08-01,ZAL,99.0
2026-08-01,ZAP,45.2
2026-08-01,ZLNA,23.2
2026-08-03,2020,3.3
2026-08-03,ABG,7.19
2026-08-03,ACR,4.86
2026-08-03,AFG,189.4
2026-08-03,AFK,184.0
2026-08-03,AGLX,19.1
2026-08-03,AKAST,12.98
2026-08-03,AKBM,110.0
2026-08-03,AKER,1274.0
2026-08-03,AKRBP,334.5
2026-08-03,AKSO,42.04
2026-08-03,AKVA,129.0
2026-08-03,APR,41.2
2026-08-03,AQUA,8.74
2026-08-03,ARCH,24.8
2026-08-03,ARR,5.5
2026-08-03,ASA,0.925
2026-08-03,ASAS,0.002
2026-08-03,ATEA,171.2
2026-08-03,AURG,257.0
2026-08-03,AUSS,85.0
2026-08-03,AUTO,11.99
2026-08-03,AZT,19.6
2026-08-03,B2I,24.25
2026-08-03,BAKKA,452.6
2026-08-03,BEWI,19.0
2026-08-03,BIEN,143.0
2026-08-03,BINT,23.3
2026-08-03,BNOR,512.0
2026-08-03,BOHUS,38.65
2026-08-03,BONHR,224.5
2026-08-03,BOR,16.3
2026-08-03,BORR,37.56
2026-08-03,BOUV,45.15
2026-08-03,BRG,158.0
2026-08-03,BWE,51.9
2026-08-03,BWLPG,215.2
2026-08-03,BWO,46.65
2026-08-03,CADLR,53.65
2026-08-03,CAPSL,5.48
2026-08-03,CAVEN,5.98
2026-08-03,CLOUD,13.06
2026-08-03,CMBTO,154.0
2026-08-03,CONTX,3.44
2026-08-03,COSH,140.0
2026-08-03,CRNA,8.2
2026-08-03,DELIA,27.6
2026-08-03,DFENS,15.1
2026-08-03,DNB,305.0
2026-08-03,DNO,16.72
2026-08-03,DOFG,124.5
2026-08-03,EIOF,16.15
2026-08-03,ELABS,2.555
2026-08-03,ELK,31.0
2026-08-03,ELMRA,45.7
2026-08-03,ELO,36.35
2026-08-03,ENDUR,115.0
2026-08-03,ENH,7.95
2026-08-03,ENSU,0.675
2026-08-03,ENTRA,106.0
2026-08-03,ENVIP,40.65
2026-08-03,EPR,85.3
2026-08-03,EQNR,386.4
2026-08-03,EQVA,3.18
2026-08-03,FRO,375.8
2026-08-03,GENO,21.8
2026-08-03,GENT,39.8
2026-08-03,GJF,282.2
2026-08-03,GOD,14.8
2026-08-03,GSF,30.18
2026-08-03,GYL,460.0
2026-08-03,HAFNI,72.75
2026-08-03,HAUTO,168.5
2026-08-03,HAVI,1.155
2026-08-03,HBC,1.35
2026-08-03,HELG,157.18
2026-08-03,HERMA,15.7
2026-08-03,HEX,10.92
2026-08-03,HGSB,158.0
2026-08-03,HPUR,9.34
2026-08-03,HSHP,149.0
2026-08-03,HSPG,145.3
2026-08-03,HYPRO,0.598
2026-08-03,IDEX,8.36
2026-08-03,IOX,2.91
2026-08-03,ITERA,6.36
2026-08-03,IWS,55.8
2026-08-03,JAREN,336.1
2026-08-03,JIN,6.18
2026-08-03,KCC,100.4
2026-08-03,KID,129.8
2026-08-03,KIT,86.9
2026-08-03,KMAR,53.3
2026-08-03,KOA,2.16
2026-08-03,KOG,296.2
2026-08-03,KOMPL,6.78
2026-08-03,LIFE,0.332
2026-08-03,LINK,25.5
2026-08-03,LSG,41.5
2026-08-03,MEDI,226.0
2026-08-03,MELG,185.0
2026-08-03,MGN,22.35
2026-08-03,MING,196.32
2026-08-03,MORG,111.5
2026-08-03,MORLD,19.9
2026-08-03,MOWI,202.6
2026-08-03,MPCC,24.36
2026-08-03,MULTI,152.0
2026-08-03,NAPA,38.6
2026-08-03,NAS,13.025
2026-08-03,NAVA,16.6
2026-08-03,NEL,2.14
2026-08-03,NEXT,0.28
2026-08-03,NHY,86.66
2026-08-03,NKR,14.9
2026-08-03,NOD,158.7
2026-08-03,NOL,7.5
2026-08-03,NOM,6.4
2026-08-03,NONG,158.24
2026-08-03,NORBT,175.4
2026-08-03,NORCO,38.85
2026-08-03,NRC,7.74
2026-08-03,NSKOG,40.2
2026-08-03,NYKD,3.38
2026-08-03,ODF,114.0
2026-08-03,ODFB,111.2
2026-08-03,ODL,91.0
2026-08-03,OET,575.0
2026-08-03,OKEA,33.95
2026-08-03,ONCIN,82.0
2026-08-03,ORK,105.4
2026-08-03,OTEC,18.0
2026-08-03,OTL,58.1
2026-08-03,OTOVO,11.75
2026-08-03,PARB,61.5
2026-08-03,PEN,27.85
2026-08-03,PEXIP,80.2
2026-08-03,PHO,53.0
2026-08-03,PLSV,47.55
2026-08-03,PLT,10.36
2026-08-03,PNOR,10.4
2026-08-03,POL,57.4
2026-08-03,PROT,491.4
2026-08-03,PRS,5.58
2026-08-03,PSE,6.05
2026-08-03,PUBLI,19.25
2026-08-03,QEC,1.88
2026-08-03,REACH,5.13
2026-08-03,RING,438.0
2026-08-03,ROGS,150.0
2026-08-03,SAGA,1.59
2026-08-03,SALM,515.5
2026-08-03,SALME,4.045
2026-08-03,SATS,41.95
2026-08-03,SB1NO,212.0
2026-08-03,SBNOR,196.58
2026-08-03,SBO,33.45
2026-08-03,SCANA,1.495
2026-08-03,SCATC,91.6
2026-08-03,SDSD,1.84
2026-08-03,SKUE,328.0
2026-08-03,SMOP,43.6
2026-08-03,SNI,318.0
2026-08-03,SNOR,176.5
2026-08-03,SNTIA,77.6
2026-08-03,SOAG,430.0
2026-08-03,SOFF,67.8
2026-08-03,SOGN,316.1
2026-08-03,SOMA,28.2
2026-08-03,SPOG,72.5
2026-08-03,SPOL,194.68
2026-08-03,STB,201.4
2026-08-03,STECH,88.2
2026-08-03,STRO,10.1
2026-08-03,SUBC,318.4
2026-08-03,SWON,103.4
2026-08-03,TECH,2.44
2026-08-03,TEKNA,6.12
2026-08-03,TEL,133.8
2026-08-03,TGS,127.4
2026-08-03,TOM,104.8
2026-08-03,TRMED,5.79
2026-08-03,TRSB,113.0
2026-08-03,VAR,47.2
2026-08-03,VEI,188.2
2026-08-03,VEND,239.0
2026-08-03,VISTN,20.3
2026-08-03,VOIM,0.632
2026-08-03,VOW,2.155
2026-08-03,VVL,460.0
2026-08-03,WAWI,147.7
2026-08-03,WSTEP,14.65
2026-08-03,WWI,768.0
2026-08-03,WWIB,713.0
2026-08-03,YAR,446.7
2026-08-03,ZAL,99.0
2026-08-03,ZAP,45.2
2026-08-03,ZLNA,23.2
2026-08-04,2020,3.41
2026-08-04,ABG,7.35
2026-08-04,ACR,4.925
2026-08-04,AFG,187.2
2026-08-04,AFK,183.5
2026-08-04,AGLX,19.0
2026-08-04,AKAST,13.0
2026-08-04,AKBM,109.0
2026-08-04,AKER,1308.0
2026-08-04,AKRBP,330.4
2026-08-04,AKSO,41.64
2026-08-04,AKVA,133.5
2026-08-04,APR,45.2
2026-08-04,AQUA,8.64
2026-08-04,ARCH,24.95
2026-08-04,ARR,5.94
2026-08-04,ASA,0.895
2026-08-04,ASAS,0.002
2026-08-04,ATEA,171.0
2026-08-04,AURG,254.25
2026-08-04,AUSS,84.7
2026-08-04,AUTO,12.36
2026-08-04,AZT,19.65
2026-08-04,B2I,25.65
2026-08-04,BAKKA,453.0
2026-08-04,BEWI,19.1
2026-08-04,BIEN,145.0
2026-08-04,BINT,23.5
2026-08-04,BNOR,512.0
2026-08-04,BOHUS,37.85
2026-08-04,BONHR,230.5
2026-08-04,BOR,16.4
2026-08-04,BORR,39.1
2026-08-04,BOUV,44.95
2026-08-04,BRG,158.8
2026-08-04,BWE,53.2
2026-08-04,BWLPG,207.4
2026-08-04,BWO,45.9
2026-08-04,CADLR,54.2
2026-08-04,CAPSL,5.38
2026-08-04,CAVEN,5.94
2026-08-04,CLOUD,13.26
2026-08-04,CMBTO,154.6
2026-08-04,CONTX,3.42
2026-08-04,COSH,137.0
2026-08-04,CRNA,8.88
2026-08-04,DELIA,28.6
2026-08-04,DFENS,15.0
2026-08-04,DNB,307.7
2026-08-04,DNO,16.63
2026-08-04,DOFG,124.0
2026-08-04,EIOF,16.5
2026-08-04,ELABS,2.48
2026-08-04,ELK,32.44
2026-08-04,ELMRA,45.75
2026-08-04,ELO,36.65
2026-08-04,ENDUR,115.2
2026-08-04,ENH,7.89
2026-08-04,ENSU,0.75
2026-08-04,ENTRA,106.4
2026-08-04,ENVIP,42.5
2026-08-04,EPR,85.3
2026-08-04,EQNR,372.9
2026-08-04,EQVA,3.14
2026-08-04,FRO,374.1
2026-08-04,GENO,22.25
2026-08-04,GENT,39.7
2026-08-04,GJF,283.0
2026-08-04,GOD,14.65
2026-08-04,GSF,29.86
2026-08-04,GYL,460.0
2026-08-04,HAFNI,72.1
2026-08-04,HAUTO,167.6
2026-08-04,HAVI,1.16
2026-08-04,HBC,1.345
2026-08-04,HELG,158.74
2026-08-04,HERMA,15.6
2026-08-04,HEX,12.4
2026-08-04,HGSB,158.0
2026-08-04,HPUR,9.8
2026-08-04,HSHP,151.2
2026-08-04,HSPG,145.3
2026-08-04,HYPRO,0.61
2026-08-04,IDEX,8.18
2026-08-04,IOX,2.62
2026-08-04,ITERA,6.68
2026-08-04,IWS,55.6
2026-08-04,JAREN,336.0
2026-08-04,JIN,6.2
2026-08-04,KCC,99.7
2026-08-04,KID,129.6
2026-08-04,KIT,86.95
2026-08-04,KMAR,55.6
2026-08-04,KOA,2.19
2026-08-04,KOG,308.2
2026-08-04,KOMPL,7.16
2026-08-04,LIFE,0.3295
2026-08-04,LINK,25.68
2026-08-04,LSG,41.78
2026-08-04,MEDI,229.0
2026-08-04,MELG,184.7
2026-08-04,MGN,22.75
2026-08-04,MING,198.92
2026-08-04,MORG,111.38
2026-08-04,MORLD,20.65
2026-08-04,MOWI,201.2
2026-08-04,MPCC,24.14
2026-08-04,MULTI,150.4
2026-08-04,NAPA,39.1
2026-08-04,NAS,13.195
2026-08-04,NAVA,16.35
2026-08-04,NEL,2.15
2026-08-04,NEXT,0.259
2026-08-04,NHY,89.48
2026-08-04,NKR,15.0
2026-08-04,NOD,165.3
2026-08-04,NOL,7.46
2026-08-04,NOM,5.49
2026-08-04,NONG,159.98
2026-08-04,NORBT,177.4
2026-08-04,NORCO,39.0
2026-08-04,NRC,7.76
2026-08-04,NSKOG,43.2
2026-08-04,NYKD,3.38
2026-08-04,ODF,113.0
2026-08-04,ODFB,109.6
2026-08-04,ODL,91.2
2026-08-04,OET,579.0
2026-08-04,OKEA,33.3
2026-08-04,ONCIN,80.2
2026-08-04,ORK,105.0
2026-08-04,OTEC,17.32
2026-08-04,OTL,57.5
2026-08-04,OTOVO,11.5
2026-08-04,PARB,62.8
2026-08-04,PEN,27.3
2026-08-04,PEXIP,80.3
2026-08-04,PHO,48.1
2026-08-04,PLSV,49.05
2026-08-04,PLT,10.74
2026-08-04,PNOR,10.34
2026-08-04,POL,57.6
2026-08-04,PROT,489.8
2026-08-04,PRS,6.3
2026-08-04,PSE,5.9
2026-08-04,PUBLI,19.04
2026-08-04,QEC,1.86
2026-08-04,REACH,5.25
2026-08-04,RING,439.0
2026-08-04,ROGS,151.0
2026-08-04,SAGA,1.575
2026-08-04,SALM,511.5
2026-08-04,SALME,4.035
2026-08-04,SATS,41.05
2026-08-04,SB1NO,213.5
2026-08-04,SBNOR,199.52
2026-08-04,SBO,33.65
2026-08-04,SCANA,1.43
2026-08-04,SCATC,92.85
2026-08-04,SDSD,1.84
2026-08-04,SKUE,334.7
2026-08-04,SMOP,45.6
2026-08-04,SNI,318.5
2026-08-04,SNOR,180.0
2026-08-04,SNTIA,78.9
2026-08-04,SOAG,430.05
2026-08-04,SOFF,67.8
2026-08-04,SOGN,313.1
2026-08-04,SOMA,27.85
2026-08-04,SPOG,72.5
2026-08-04,SPOL,195.6
2026-08-04,STB,202.2
2026-08-04,STECH,89.2
2026-08-04,STRO,10.05
2026-08-04,SUBC,327.8
2026-08-04,SWON,107.8
2026-08-04,TECH,2.1
2026-08-04,TEKNA,6.12
2026-08-04,TEL,135.0
2026-08-04,TGS,130.0
2026-08-04,TOM,108.1
2026-08-04,TRMED,5.3
2026-08-04,TRSB,113.0
2026-08-04,VAR,46.9
2026-08-04,VEI,186.6
2026-08-04,VEND,248.6
2026-08-04,VISTN,20.1
2026-08-04,VOIM,0.459
2026-08-04,VOW,2.22
2026-08-04,VVL,442.0
2026-08-04,WAWI,144.8
2026-08-04,WSTEP,14.7
2026-08-04,WWI,764.0
2026-08-04,WWIB,704.0
2026-08-04,YAR,424.8
2026-08-04,ZAL,100.5
2026-08-04,ZAP,46.5
2026-08-04,ZLNA,22.6
2026-08-05,2020,3.32
2026-08-05,ABG,7.35
2026-08-05,ACR,4.905
2026-08-05,AFG,183.6
2026-08-05,AFK,182.5
2026-08-05,AGLX,19.15
2026-08-05,AKAST,13.0
2026-08-05,AKBM,112.6
2026-08-05,AKER,1324.0
2026-08-05,AKRBP,329.6
2026-08-05,AKSO,42.18
2026-08-05,AKVA,133.5
2026-08-05,APR,45.1
2026-08-05,AQUA,8.7
2026-08-05,ARCH,25.05
2026-08-05,ARR,5.88
2026-08-05,ASA,0.88
2026-08-05,ASAS,0.002
2026-08-05,ATEA,171.0
2026-08-05,AURG,257.0
2026-08-05,AUSS,83.3
2026-08-05,AUTO,12.66
2026-08-05,AZT,19.5
2026-08-05,B2I,25.65
2026-08-05,BAKKA,450.6
2026-08-05,BEWI,19.44
2026-08-05,BIEN,143.0
2026-08-05,BINT,24.0
2026-08-05,BNOR,507.0
2026-08-05,BOHUS,37.9
2026-08-05,BONHR,229.5
2026-08-05,BOR,16.45
2026-08-05,BORR,38.0
2026-08-05,BOUV,45.25
2026-08-05,BRG,159.4
2026-08-05,BWE,53.2
2026-08-05,BWLPG,202.0
2026-08-05,BWO,45.45
2026-08-05,CADLR,54.5
2026-08-05,CAPSL,5.36
2026-08-05,CAVEN,5.88
2026-08-05,CLOUD,13.18
2026-08-05,CMBTO,153.8
2026-08-05,CONTX,3.4
2026-08-05,COSH,137.0
2026-08-05,CRNA,8.23
2026-08-05,DELIA,28.6
2026-08-05,DFENS,15.05
2026-08-05,DNB,305.5
2026-08-05,DNO,16.62
2026-08-05,DOFG,124.6
2026-08-05,EIOF,16.65
2026-08-05,ELABS,2.465
2026-08-05,ELK,32.66
2026-08-05,ELMRA,45.65
2026-08-05,ELO,37.0
2026-08-05,ENDUR,116.8
2026-08-05,ENH,7.85
2026-08-05,ENSU,0.7
2026-08-05,ENTRA,106.0
2026-08-05,ENVIP,44.55
2026-08-05,EPR,86.6
2026-08-05,EQNR,369.1
2026-08-05,EQVA,3.14
2026-08-05,FRO,365.4
2026-08-05,GENO,22.5
2026-08-05,GENT,40.8
2026-08-05,GJF,281.2
2026-08-05,GOD,14.4
2026-08-05,GSF,29.3
2026-08-05,GYL,460.0
2026-08-05,HAFNI,70.3
2026-08-05,HAUTO,166.3
2026-08-05,HAVI,1.105
2026-08-05,HBC,1.315
2026-08-05,HELG,153.02
2026-08-05,HERMA,15.4
2026-08-05,HEX,12.31
2026-08-05,HGSB,158.0
2026-08-05,HPUR,9.5
2026-08-05,HSHP,149.2
2026-08-05,HSPG,152.0
2026-08-05,HYPRO,0.61
2026-08-05,IDEX,8.14
2026-08-05,IOX,2.79
2026-08-05,ITERA,6.48
2026-08-05,IWS,55.2
2026-08-05,JAREN,336.45
2026-08-05,JIN,6.2
2026-08-05,KCC,98.7
2026-08-05,KID,130.2
2026-08-05,KIT,89.05
2026-08-05,KMAR,56.8
2026-08-05,KOA,2.15
2026-08-05,KOG,311.7
2026-08-05,KOMPL,7.3
2026-08-05,LIFE,0.328
2026-08-05,LINK,25.32
2026-08-05,LSG,40.96
2026-08-05,MEDI,228.0
2026-08-05,MELG,184.0
2026-08-05,MGN,22.65
2026-08-05,MING,199.42
2026-08-05,MORG,111.64
2026-08-05,MORLD,21.15
2026-08-05,MOWI,196.8
2026-08-05,MPCC,24.06
2026-08-05,MULTI,152.0
2026-08-05,NAPA,40.15
2026-08-05,NAS,13.29
2026-08-05,NAVA,16.45
2026-08-05,NEL,2.155
2026-08-05,NEXT,0.262
2026-08-05,NHY,91.04
2026-08-05,NKR,14.9
2026-08-05,NOD,163.1
2026-08-05,NOL,7.48
2026-08-05,NOM,4.87
2026-08-05,NONG,159.44
2026-08-05,NORBT,177.4
2026-08-05,NORCO,38.6
2026-08-05,NRC,7.77
2026-08-05,NSKOG,44.3
2026-08-05,NYKD,3.21
2026-08-05,ODF,111.0
2026-08-05,ODFB,108.8
2026-08-05,ODL,90.1
2026-08-05,OET,583.0
2026-08-05,OKEA,33.35
2026-08-05,ONCIN,77.0
2026-08-05,ORK,105.9
2026-08-05,OTEC,17.3
2026-08-05,OTL,57.7
2026-08-05,OTOVO,11.6
2026-08-05,PARB,62.3
2026-08-05,PEN,27.35
2026-08-05,PEXIP,80.1
2026-08-05,PHO,50.6
2026-08-05,PLSV,48.45
2026-08-05,PLT,10.24
2026-08-05,PNOR,10.46
2026-08-05,POL,57.8
2026-08-05,PROT,488.0
2026-08-05,PRS,5.93
2026-08-05,PSE,5.95
2026-08-05,PUBLI,18.91
2026-08-05,QEC,1.85
2026-08-05,REACH,5.29
2026-08-05,RING,439.5
2026-08-05,ROGS,150.32
2026-08-05,SAGA,1.575
2026-08-05,SALM,501.0
2026-08-05,SALME,3.99
2026-08-05,SATS,41.45
2026-08-05,SB1NO,213.0
2026-08-05,SBNOR,199.22
2026-08-05,SBO,33.5
2026-08-05,SCANA,1.44
2026-08-05,SCATC,94.15
2026-08-05,SDSD,1.805
2026-08-05,SKUE,334.75
2026-08-05,SMOP,46.1
2026-08-05,SNI,317.0
2026-08-05,SNOR,180.0
2026-08-05,SNTIA,80.3
2026-08-05,SOAG,430.05
2026-08-05,SOFF,66.7
2026-08-05,SOGN,311.1
2026-08-05,SOMA,27.5
2026-08-05,SPOG,72.66
2026-08-05,SPOL,192.42
2026-08-05,STB,204.0
2026-08-05,STECH,89.0
2026-08-05,STRO,10.2
2026-08-05,SUBC,329.4
2026-08-05,SWON,107.6
2026-08-05,TECH,1.9
2026-08-05,TEKNA,5.84
2026-08-05,TEL,132.7
2026-08-05,TGS,129.1
2026-08-05,TOM,109.8
2026-08-05,TRMED,5.55
2026-08-05,TRSB,113.0
2026-08-05,VAR,46.3
2026-08-05,VEI,187.6
2026-08-05,VEND,246.8
2026-08-05,VISTN,20.2
2026-08-05,VOIM,0.435
2026-08-05,VOW,2.33
2026-08-05,VVL,446.0
2026-08-05,WAWI,143.0
2026-08-05,WSTEP,15.45
2026-08-05,WWI,771.0
2026-08-05,WWIB,705.0
2026-08-05,YAR,423.4
2026-08-05,ZAL,99.0
2026-08-05,ZAP,46.95
2026-08-05,ZLNA,22.8
2026-08-06,2020,3.32
2026-08-06,ABG,7.35
2026-08-06,ACR,4.905
2026-08-06,AFG,183.6
2026-08-06,AFK,182.5
2026-08-06,AGLX,19.15
2026-08-06,AKAST,13.0
2026-08-06,AKBM,112.6
2026-08-06,AKER,1324.0
2026-08-06,AKRBP,329.6
2026-08-06,AKSO,42.18
2026-08-06,AKVA,133.5
2026-08-06,APR,45.1
2026-08-06,AQUA,8.7
2026-08-06,ARCH,25.05
2026-08-06,ARR,5.88
2026-08-06,ASA,0.88
2026-08-06,ASAS,0.002
2026-08-06,ATEA,171.0
2026-08-06,AURG,257.0
2026-08-06,AUSS,83.3
2026-08-06,AUTO,12.66
2026-08-06,AZT,19.5
2026-08-06,B2I,25.65
2026-08-06,BAKKA,450.6
2026-08-06,BEWI,19.44
2026-08-06,BIEN,143.0
2026-08-06,BINT,24.0
2026-08-06,BNOR,507.0
2026-08-06,BOHUS,37.9
2026-08-06,BONHR,229.5
2026-08-06,BOR,16.45
2026-08-06,BORR,38.0
2026-08-06,BOUV,45.25
2026-08-06,BRG,159.4
2026-08-06,BWE,53.2
2026-08-06,BWLPG,202.0
2026-08-06,BWO,45.45
2026-08-06,CADLR,54.5
2026-08-06,CAPSL,5.36
2026-08-06,CAVEN,5.88
2026-08-06,CLOUD,13.18
2026-08-06,CMBTO,153.8
2026-08-06,CONTX,3.4
2026-08-06,COSH,137.0
2026-08-06,CRNA,8.23
2026-08-06,DELIA,28.6
2026-08-06,DFENS,15.05
2026-08-06,DNB,305.5
2026-08-06,DNO,16.62
2026-08-06,DOFG,124.6
2026-08-06,EIOF,16.65
2026-08-06,ELABS,2.465
2026-08-06,ELK,32.66
2026-08-06,ELMRA,45.65
2026-08-06,ELO,37.0
2026-08-06,ENDUR,116.8
2026-08-06,ENH,7.85
2026-08-06,ENSU,0.7
2026-08-06,ENTRA,106.0
2026-08-06,ENVIP,44.55
2026-08-06,EPR,86.6
2026-08-06,EQNR,369.1
2026-08-06,EQVA,3.14
2026-08-06,FRO,365.4
2026-08-06,GENO,22.5
2026-08-06,GENT,40.8
2026-08-06,GJF,281.2
2026-08-06,GOD,14.4
2026-08-06,GSF,29.3
2026-08-06,GYL,460.0
2026-08-06,HAFNI,70.3
2026-08-06,HAUTO,166.3
2026-08-06,HAVI,1.105
2026-08-06,HBC,1.315
2026-08-06,HELG,153.02
2026-08-06,HERMA,15.4
2026-08-06,HEX,12.31
2026-08-06,HGSB,158.0
2026-08-06,HPUR,9.5
2026-08-06,HSHP,149.2
2026-08-06,HSPG,152.0
2026-08-06,HYPRO,0.61
2026-08-06,IDEX,8.14
2026-08-06,IOX,2.79
2026-08-06,ITERA,6.48
2026-08-06,IWS,55.2
2026-08-06,JAREN,336.45
2026-08-06,JIN,6.2
2026-08-06,KCC,98.7
2026-08-06,KID,130.2
2026-08-06,KIT,89.05
2026-08-06,KMAR,56.8
2026-08-06,KOA,2.15
2026-08-06,KOG,311.7
2026-08-06,KOMPL,7.3
2026-08-06,LIFE,0.328
2026-08-06,LINK,25.32
2026-08-06,LSG,40.96
2026-08-06,MEDI,228.0
2026-08-06,MELG,184.0
2026-08-06,MGN,22.65
2026-08-06,MING,199.42
2026-08-06,MORG,111.64
2026-08-06,MORLD,21.15
2026-08-06,MOWI,196.8
2026-08-06,MPCC,24.06
2026-08-06,MULTI,152.0
2026-08-06,NAPA,40.15
2026-08-06,NAS,13.29
2026-08-06,NAVA,16.45
2026-08-06,NEL,2.155
2026-08-06,NEXT,0.262
2026-08-06,NHY,91.04
2026-08-06,NKR,14.9
2026-08-06,NOD,163.1
2026-08-06,NOL,7.48
2026-08-06,NOM,4.87
2026-08-06,NONG,159.44
2026-08-06,NORBT,177.4
2026-08-06,NORCO,38.6
2026-08-06,NRC,7.77
2026-08-06,NSKOG,44.3
2026-08-06,NYKD,3.21
2026-08-06,ODF,111.0
2026-08-06,ODFB,108.8
2026-08-06,ODL,90.1
2026-08-06,OET,583.0
2026-08-06,OKEA,33.35
2026-08-06,ONCIN,77.0
2026-08-06,ORK,105.9
2026-08-06,OTEC,17.3
2026-08-06,OTL,57.7
2026-08-06,OTOVO,11.6
2026-08-06,PARB,62.3
2026-08-06,PEN,27.35
2026-08-06,PEXIP,80.1
2026-08-06,PHO,50.6
2026-08-06,PLSV,48.45
2026-08-06,PLT,10.24
2026-08-06,PNOR,10.46
2026-08-06,POL,57.8
2026-08-06,PROT,488.0
2026-08-06,PRS,5.93
2026-08-06,PSE,5.95
2026-08-06,PUBLI,18.91
2026-08-06,QEC,1.85
2026-08-06,REACH,5.29
2026-08-06,RING,439.5
2026-08-06,ROGS,150.32
2026-08-06,SAGA,1.575
2026-08-06,SALM,501.0
2026-08-06,SALME,3.99
2026-08-06,SATS,41.45
2026-08-06,SB1NO,213.0
2026-08-06,SBNOR,199.22
2026-08-06,SBO,33.5
2026-08-06,SCANA,1.44
2026-08-06,SCATC,94.15
2026-08-06,SDSD,1.805
2026-08-06,SKUE,334.75
2026-08-06,SMOP,46.1
2026-08-06,SNI,317.0
2026-08-06,SNOR,180.0
2026-08-06,SNTIA,80.3
2026-08-06,SOAG,430.05
2026-08-06,SOFF,66.7
2026-08-06,SOGN,311.1
2026-08-06,SOMA,27.5
2026-08-06,SPOG,72.66
2026-08-06,SPOL,192.42
2026-08-06,STB,204.0
2026-08-06,STECH,89.0
2026-08-06,STRO,10.2
2026-08-06,SUBC,329.4
2026-08-06,SWON,107.6
2026-08-06,TECH,1.9
2026-08-06,TEKNA,5.84
2026-08-06,TEL,132.7
2026-08-06,TGS,129.1
2026-08-06,TOM,109.8
2026-08-06,TRMED,5.55
2026-08-06,TRSB,113.0
2026-08-06,VAR,46.3
2026-08-06,VEI,187.6
2026-08-06,VEND,246.8
2026-08-06,VISTN,20.2
2026-08-06,VOIM,0.435
2026-08-06,VOW,2.33
2026-08-06,VVL,446.0
2026-08-06,WAWI,143.0
2026-08-06,WSTEP,15.45
2026-08-06,WWI,771.0
2026-08-06,WWIB,705.0
2026-08-06,YAR,423.4
2026-08-06,ZAL,99.0
2026-08-06,ZAP,46.95
2026-08-06,ZLNA,22.8
2026-08-07,2020,3.736
2026-08-07,ABG,7.35
2026-08-07,ACR,4.97
2026-08-07,AFG,186.8
2026-08-07,AFK,185.0
2026-08-07,AGLX,18.5
2026-08-07,AKAST,12.9
2026-08-07,AKBM,115.8
2026-08-07,AKER,1376.0
2026-08-07,AKRBP,330.1
2026-08-07,AKSO,41.7
2026-08-07,AKVA,132.0
2026-08-07,APR,45.8
2026-08-07,AQUA,8.64
2026-08-07,ARCH,25.0
2026-08-07,ARR,5.84
2026-08-07,ASA,0.91
2026-08-07,ASAS,0.002
2026-08-07,ATEA,174.4
2026-08-07,AURG,257.0
2026-08-07,AUSS,86.4
2026-08-07,AUTO,12.56
2026-08-07,AZT,19.65
2026-08-07,B2I,26.2
2026-08-07,BAKKA,463.4
2026-08-07,BEWI,18.98
2026-08-07,BIEN,145.0
2026-08-07,BINT,23.6
2026-08-07,BNOR,505.0
2026-08-07,BOHUS,37.5
2026-08-07,BONHR,238.0
2026-08-07,BOR,16.15
2026-08-07,BORR,36.7
2026-08-07,BOUV,45.7
2026-08-07,BRG,159.0
2026-08-07,BWE,53.9
2026-08-07,BWLPG,205.0
2026-08-07,BWO,45.2
2026-08-07,CADLR,56.15
2026-08-07,CAPSL,5.1
2026-08-07,CAVEN,5.84
2026-08-07,CLOUD,12.98
2026-08-07,CMBTO,154.8
2026-08-07,CONTX,3.4
2026-08-07,COSH,136.0
2026-08-07,CRNA,8.77
2026-08-07,DELIA,28.95
2026-08-07,DFENS,15.85
2026-08-07,DNB,308.2
2026-08-07,DNO,16.74
2026-08-07,DOFG,125.3
2026-08-07,EIOF,15.9
2026-08-07,ELABS,2.43
2026-08-07,ELK,32.1
2026-08-07,ELMRA,45.55
2026-08-07,ELO,37.1
2026-08-07,ENDUR,118.6
2026-08-07,ENH,8.02
2026-08-07,ENSU,0.655
2026-08-07,ENTRA,106.2
2026-08-07,ENVIP,44.75
2026-08-07,EPR,86.9
2026-08-07,EQNR,372.0
2026-08-07,EQVA,3.15
2026-08-07,FRO,368.9
2026-08-07,GENO,21.5
2026-08-07,GENT,40.7
2026-08-07,GJF,284.2
2026-08-07,GOD,14.35
2026-08-07,GSF,29.8
2026-08-07,GYL,460.0
2026-08-07,HAFNI,71.05
2026-08-07,HAUTO,176.0
2026-08-07,HAVI,1.14
2026-08-07,HBC,1.35
2026-08-07,HELG,158.5
2026-08-07,HERMA,15.0
2026-08-07,HEX,13.78
2026-08-07,HGSB,158.0
2026-08-07,HPUR,9.3
2026-08-07,HSHP,149.6
2026-08-07,HSPG,152.0
2026-08-07,HYPRO,0.59
2026-08-07,IDEX,8.02
2026-08-07,IOX,2.62
2026-08-07,ITERA,6.44
2026-08-07,IWS,54.8
2026-08-07,JAREN,339.9
2026-08-07,JIN,6.16
2026-08-07,KCC,97.3
2026-08-07,KID,132.4
2026-08-07,KIT,88.9
2026-08-07,KMAR,57.3
2026-08-07,KOA,2.13
2026-08-07,KOG,310.6
2026-08-07,KOMPL,7.46
2026-08-07,LIFE,0.32
2026-08-07,LINK,26.12
2026-08-07,LSG,41.58
2026-08-07,MEDI,228.0
2026-08-07,MELG,190.0
2026-08-07,MGN,23.4
2026-08-07,MING,201.15
2026-08-07,MORG,112.56
2026-08-07,MORLD,20.8
2026-08-07,MOWI,199.5
2026-08-07,MPCC,24.26
2026-08-07,MULTI,152.0
2026-08-07,NAPA,41.5
2026-08-07,NAS,13.425
2026-08-07,NAVA,16.85
2026-08-07,NEL,2.16
2026-08-07,NEXT,0.266
2026-08-07,NHY,90.64
2026-08-07,NKR,14.75
2026-08-07,NOD,164.7
2026-08-07,NOL,7.48
2026-08-07,NOM,2.55
2026-08-07,NONG,159.78
2026-08-07,NORBT,174.0
2026-08-07,NORCO,38.85
2026-08-07,NRC,7.92
2026-08-07,NSKOG,43.3
2026-08-07,NYKD,3.33
2026-08-07,ODF,110.8
2026-08-07,ODFB,108.2
2026-08-07,ODL,88.8
2026-08-07,OET,587.0
2026-08-07,OKEA,34.6
2026-08-07,ONCIN,82.0
2026-08-07,ORK,105.3
2026-08-07,OTEC,17.34
2026-08-07,OTL,57.4
2026-08-07,OTOVO,11.4
2026-08-07,PARB,62.2
2026-08-07,PEN,27.3
2026-08-07,PEXIP,81.5
2026-08-07,PHO,51.5
2026-08-07,PLSV,48.35
2026-08-07,PLT,12.2
2026-08-07,PNOR,10.42
2026-08-07,POL,60.0
2026-08-07,PROT,488.0
2026-08-07,PRS,5.91
2026-08-07,PSE,6.2
2026-08-07,PUBLI,19.02
2026-08-07,QEC,1.8
2026-08-07,REACH,5.37
2026-08-07,RING,440.0
2026-08-07,ROGS,150.0
2026-08-07,SAGA,1.59
2026-08-07,SALM,523.5
2026-08-07,SALME,4.005
2026-08-07,SATS,41.4
2026-08-07,SB1NO,212.5
2026-08-07,SBNOR,199.14
2026-08-07,SBO,33.35
2026-08-07,SCANA,1.455
2026-08-07,SCATC,92.95
2026-08-07,SDSD,1.85
2026-08-07,SKUE,336.0
2026-08-07,SMOP,46.3
2026-08-07,SNI,314.0
2026-08-07,SNOR,179.0
2026-08-07,SNTIA,80.2
2026-08-07,SOAG,430.05
2026-08-07,SOFF,68.3
2026-08-07,SOGN,319.0
2026-08-07,SOMA,27.95
2026-08-07,SPOG,72.6
2026-08-07,SPOL,191.9
2026-08-07,STB,206.0
2026-08-07,STECH,89.4
2026-08-07,STRO,10.1
2026-08-07,SUBC,328.2
2026-08-07,SWON,111.4
2026-08-07,TECH,1.85
2026-08-07,TEKNA,6.8
2026-08-07,TEL,134.6
2026-08-07,TGS,132.7
2026-08-07,TOM,108.5
2026-08-07,TRMED,5.43
2026-08-07,TRSB,113.0
2026-08-07,VAR,46.62
2026-08-07,VEI,188.6
2026-08-07,VEND,246.0
2026-08-07,VISTN,20.0
2026-08-07,VOIM,0.408
2026-08-07,VOW,2.21
2026-08-07,VVL,452.0
2026-08-07,WAWI,147.6
2026-08-07,WSTEP,15.75
2026-08-07,WWI,768.0
2026-08-07,WWIB,703.0
2026-08-07,YAR,416.2
2026-08-07,ZAL,96.6
2026-08-07,ZAP,46.6
2026-08-07,ZLNA,22.6
2026-08-10,2020,3.9
2026-08-10,ABG,7.32
2026-08-10,ACR,5.15
2026-08-10,AFG,184.8
2026-08-10,AFK,182.0
2026-08-10,AGLX,18.55
2026-08-10,AKAST,12.94
2026-08-10,AKBM,115.6
2026-08-10,AKER,1376.0
2026-08-10,AKRBP,337.5
2026-08-10,AKSO,42.38
2026-08-10,AKVA,132.5
2026-08-10,APR,47.4
2026-08-10,AQUA,8.68
2026-08-10,ARCH,25.05
2026-08-10,ARR,5.8
2026-08-10,ASA,0.862
2026-08-10,ASAS,0.002
2026-08-10,ATEA,173.4
2026-08-10,AURG,256.95
2026-08-10,AUSS,85.6
2026-08-10,AUTO,13.11
2026-08-10,AZT,19.5
2026-08-10,B2I,26.0
2026-08-10,BAKKA,463.0
2026-08-10,BEWI,18.56
2026-08-10,BIEN,144.0
2026-08-10,BINT,23.8
2026-08-10,BNOR,518.0
2026-08-10,BOHUS,38.2
2026-08-10,BONHR,239.0
2026-08-10,BOR,16.45
2026-08-10,BORR,39.0
2026-08-10,BOUV,45.3
2026-08-10,BRG,156.4
2026-08-10,BWE,55.6
2026-08-10,BWLPG,207.8
2026-08-10,BWO,45.5
2026-08-10,CADLR,56.9
2026-08-10,CAPSL,5.1
2026-08-10,CAVEN,5.96
2026-08-10,CLOUD,13.1
2026-08-10,CMBTO,156.6
2026-08-10,CONTX,3.4
2026-08-10,COSH,137.0
2026-08-10,CRNA,8.8
2026-08-10,DELIA,29.6
2026-08-10,DFENS,15.65
2026-08-10,DNB,306.1
2026-08-10,DNO,17.1
2026-08-10,DOFG,126.3
2026-08-10,EIOF,16.2
2026-08-10,ELABS,2.39
2026-08-10,ELK,32.32
2026-08-10,ELMRA,45.7
2026-08-10,ELO,36.75
2026-08-10,ENDUR,119.0
2026-08-10,ENH,8.11
2026-08-10,ENSU,0.664
2026-08-10,ENTRA,106.2
2026-08-10,ENVIP,44.55
2026-08-10,EPR,86.3
2026-08-10,EQNR,383.7
2026-08-10,EQVA,3.2
2026-08-10,FRO,374.1
2026-08-10,GENO,21.5
2026-08-10,GENT,40.5
2026-08-10,GJF,279.4
2026-08-10,GOD,14.0
2026-08-10,GSF,29.48
2026-08-10,GYL,460.0
2026-08-10,HAFNI,72.15
2026-08-10,HAUTO,173.3
2026-08-10,HAVI,1.2
2026-08-10,HBC,1.335
2026-08-10,HELG,158.48
2026-08-10,HERMA,15.0
2026-08-10,HEX,14.05
2026-08-10,HGSB,159.48
2026-08-10,HPUR,9.16
2026-08-10,HSHP,150.4
2026-08-10,HSPG,152.0
2026-08-10,HYPRO,0.568
2026-08-10,IDEX,8.22
2026-08-10,IOX,2.88
2026-08-10,ITERA,6.88
2026-08-10,IWS,54.4
2026-08-10,JAREN,336.0
2026-08-10,JIN,6.2
2026-08-10,KCC,97.6
2026-08-10,KID,130.0
2026-08-10,KIT,89.7
2026-08-10,KMAR,57.18
2026-08-10,KOA,2.11
2026-08-10,KOG,312.0
2026-08-10,KOMPL,7.5
2026-08-10,LIFE,0.313
2026-08-10,LINK,26.22
2026-08-10,LSG,41.16
2026-08-10,MEDI,226.0
2026-08-10,MELG,185.02
2026-08-10,MGN,23.1
2026-08-10,MING,196.72
2026-08-10,MORG,110.9
2026-08-10,MORLD,22.1
2026-08-10,MOWI,198.4
2026-08-10,MPCC,24.32
2026-08-10,MULTI,152.0
2026-08-10,NAPA,41.85
2026-08-10,NAS,13.28
2026-08-10,NAVA,17.2
2026-08-10,NEL,2.205
2026-08-10,NEXT,0.259
2026-08-10,NHY,93.48
2026-08-10,NKR,14.75
2026-08-10,NOD,168.7
2026-08-10,NOL,7.46
2026-08-10,NOM,2.46
2026-08-10,NONG,157.62
2026-08-10,NORBT,178.1
2026-08-10,NORCO,38.25
2026-08-10,NRC,7.81
2026-08-10,NSKOG,42.4
2026-08-10,NYKD,3.3
2026-08-10,ODF,111.4
2026-08-10,ODFB,110.8
2026-08-10,ODL,89.2
2026-08-10,OET,590.0
2026-08-10,OKEA,36.25
2026-08-10,ONCIN,81.2
2026-08-10,ORK,104.4
2026-08-10,OTEC,17.04
2026-08-10,OTL,57.5
2026-08-10,OTOVO,11.7
2026-08-10,PARB,62.5
2026-08-10,PEN,27.95
2026-08-10,PEXIP,84.0
2026-08-10,PHO,52.6
2026-08-10,PLSV,49.1
2026-08-10,PLT,12.88
2026-08-10,PNOR,10.48
2026-08-10,POL,58.8
2026-08-10,PROT,483.0
2026-08-10,PRS,5.81
2026-08-10,PSE,6.05
2026-08-10,PUBLI,18.51
2026-08-10,QEC,1.83
2026-08-10,REACH,5.37
2026-08-10,RING,438.1
2026-08-10,ROGS,149.0
2026-08-10,SAGA,1.595
2026-08-10,SALM,522.0
2026-08-10,SALME,3.98
2026-08-10,SATS,41.0
2026-08-10,SB1NO,208.5
2026-08-10,SBNOR,194.0
2026-08-10,SBO,33.75
2026-08-10,SCANA,1.46
2026-08-10,SCATC,93.15
2026-08-10,SDSD,1.82
2026-08-10,SKUE,335.0
2026-08-10,SMOP,48.4
2026-08-10,SNI,316.5
2026-08-10,SNOR,179.0
2026-08-10,SNTIA,79.2
2026-08-10,SOAG,440.0
2026-08-10,SOFF,69.3
2026-08-10,SOGN,319.0
2026-08-10,SOMA,28.3
2026-08-10,SPOG,72.1
2026-08-10,SPOL,188.2
2026-08-10,STB,204.8
2026-08-10,STECH,88.8
2026-08-10,STRO,10.05
2026-08-10,SUBC,335.0
2026-08-10,SWON,111.8
2026-08-10,TECH,1.85
2026-08-10,TEKNA,6.74
2026-08-10,TEL,132.7
2026-08-10,TGS,135.2
2026-08-10,TOM,107.2
2026-08-10,TRMED,5.86
2026-08-10,TRSB,113.0
2026-08-10,VAR,47.77
2026-08-10,VEI,186.0
2026-08-10,VEND,243.6
2026-08-10,VISTN,19.9
2026-08-10,VOIM,0.389
2026-08-10,VOW,2.22
2026-08-10,VVL,446.0
2026-08-10,WAWI,146.7
2026-08-10,WSTEP,15.4
2026-08-10,WWI,761.0
2026-08-10,WWIB,705.0
2026-08-10,YAR,425.7
2026-08-10,ZAL,96.4
2026-08-10,ZAP,48.15
2026-08-10,ZLNA,22.5
2026-08-11,2020,3.9
2026-08-11,ABG,7.32
2026-08-11,ACR,5.15
2026-08-11,AFG,184.8
2026-08-11,AFK,182.0
2026-08-11,AGLX,18.55
2026-08-11,AKAST,12.94
2026-08-11,AKBM,115.6
2026-08-11,AKER,1376.0
2026-08-11,AKRBP,337.5
2026-08-11,AKSO,42.38
2026-08-11,AKVA,132.5
2026-08-11,APR,47.4
2026-08-11,AQUA,8.68
2026-08-11,ARCH,25.05
2026-08-11,ARR,5.8
2026-08-11,ASA,0.862
2026-08-11,ASAS,0.002
2026-08-11,ATEA,173.4
2026-08-11,AURG,256.95
2026-08-11,AUSS,85.6
2026-08-11,AUTO,13.11
2026-08-11,AZT,19.5
2026-08-11,B2I,26.0
2026-08-11,BAKKA,463.0
2026-08-11,BEWI,18.56
2026-08-11,BIEN,144.0
2026-08-11,BINT,23.8
2026-08-11,BNOR,518.0
2026-08-11,BOHUS,38.2
2026-08-11,BONHR,239.0
2026-08-11,BOR,16.45
2026-08-11,BORR,39.0
2026-08-11,BOUV,45.3
2026-08-11,BRG,156.4
2026-08-11,BWE,55.6
2026-08-11,BWLPG,207.8
2026-08-11,BWO,45.5
2026-08-11,CADLR,56.9
2026-08-11,CAPSL,5.1
2026-08-11,CAVEN,5.96
2026-08-11,CLOUD,13.1
2026-08-11,CMBTO,156.6
2026-08-11,CONTX,3.4
2026-08-11,COSH,137.0
2026-08-11,CRNA,8.8
2026-08-11,DELIA,29.6
2026-08-11,DFENS,15.65
2026-08-11,DNB,306.1
2026-08-11,DNO,17.1
2026-08-11,DOFG,126.3
2026-08-11,EIOF,16.2
2026-08-11,ELABS,2.39
2026-08-11,ELK,32.32
2026-08-11,ELMRA,45.7
2026-08-11,ELO,36.75
2026-08-11,ENDUR,119.0
2026-08-11,ENH,8.11
2026-08-11,ENSU,0.664
2026-08-11,ENTRA,106.2
2026-08-11,ENVIP,44.55
2026-08-11,EPR,86.3
2026-08-11,EQNR,383.7
2026-08-11,EQVA,3.2
2026-08-11,FRO,374.1
2026-08-11,GENO,21.5
2026-08-11,GENT,40.5
2026-08-11,GJF,279.4
2026-08-11,GOD,14.0
2026-08-11,GSF,29.48
2026-08-11,GYL,460.0
2026-08-11,HAFNI,72.15
2026-08-11,HAUTO,173.3
2026-08-11,HAVI,1.2
2026-08-11,HBC,1.335
2026-08-11,HELG,158.48
2026-08-11,HERMA,15.0
2026-08-11,HEX,14.05
2026-08-11,HGSB,159.48
2026-08-11,HPUR,9.16
2026-08-11,HSHP,150.4
2026-08-11,HSPG,152.0
2026-08-11,HYPRO,0.568
2026-08-11,IDEX,8.22
2026-08-11,IOX,2.88
2026-08-11,ITERA,6.88
2026-08-11,IWS,54.4
2026-08-11,JAREN,336.0
2026-08-11,JIN,6.2
2026-08-11,KCC,97.6
2026-08-11,KID,130.0
2026-08-11,KIT,89.7
2026-08-11,KMAR,57.18
2026-08-11,KOA,2.11
2026-08-11,KOG,312.0
2026-08-11,KOMPL,7.5
2026-08-11,LIFE,0.313
2026-08-11,LINK,26.22
2026-08-11,LSG,41.16
2026-08-11,MEDI,226.0
2026-08-11,MELG,185.02
2026-08-11,MGN,23.1
2026-08-11,MING,196.72
2026-08-11,MORG,110.9
2026-08-11,MORLD,22.1
2026-08-11,MOWI,198.4
2026-08-11,MPCC,24.32
2026-08-11,MULTI,152.0
2026-08-11,NAPA,41.85
2026-08-11,NAS,13.28
2026-08-11,NAVA,17.2
2026-08-11,NEL,2.205
2026-08-11,NEXT,0.259
2026-08-11,NHY,93.48
2026-08-11,NKR,14.75
2026-08-11,NOD,168.7
2026-08-11,NOL,7.46
2026-08-11,NOM,2.46
2026-08-11,NONG,157.62
2026-08-11,NORBT,178.1
2026-08-11,NORCO,38.25
2026-08-11,NRC,7.81
2026-08-11,NSKOG,42.4
2026-08-11,NYKD,3.3
2026-08-11,ODF,111.4
2026-08-11,ODFB,110.8
2026-08-11,ODL,89.2
2026-08-11,OET,590.0
2026-08-11,OKEA,36.25
2026-08-11,ONCIN,81.2
2026-08-11,ORK,104.4
2026-08-11,OTEC,17.04
2026-08-11,OTL,57.5
2026-08-11,OTOVO,11.7
2026-08-11,PARB,62.5
2026-08-11,PEN,27.95
2026-08-11,PEXIP,84.0
2026-08-11,PHO,52.6
2026-08-11,PLSV,49.1
2026-08-11,PLT,12.88
2026-08-11,PNOR,10.48
2026-08-11,POL,58.8
2026-08-11,PROT,483.0
2026-08-11,PRS,5.81
2026-08-11,PSE,6.05
2026-08-11,PUBLI,18.51
2026-08-11,QEC,1.83
2026-08-11,REACH,5.37
2026-08-11,RING,438.1
2026-08-11,ROGS,149.0
2026-08-11,SAGA,1.595
2026-08-11,SALM,522.0
2026-08-11,SALME,3.98
2026-08-11,SATS,41.0
2026-08-11,SB1NO,208.5
2026-08-11,SBNOR,194.0
2026-08-11,SBO,33.75
2026-08-11,SCANA,1.46
2026-08-11,SCATC,93.15
2026-08-11,SDSD,1.82
2026-08-11,SKUE,335.0
2026-08-11,SMOP,48.4
2026-08-11,SNI,316.5
2026-08-11,SNOR,179.0
2026-08-11,SNTIA,79.2
2026-08-11,SOAG,440.0
2026-08-11,SOFF,69.3
2026-08-11,SOGN,319.0
2026-08-11,SOMA,28.3
2026-08-11,SPOG,72.1
2026-08-11,SPOL,188.2
2026-08-11,STB,204.8
2026-08-11,STECH,88.8
2026-08-11,STRO,10.05
2026-08-11,SUBC,335.0
2026-08-11,SWON,111.8
2026-08-11,TECH,1.85
2026-08-11,TEKNA,6.74
2026-08-11,TEL,132.7
2026-08-11,TGS,135.2
2026-08-11,TOM,107.2
2026-08-11,TRMED,5.86
2026-08-11,TRSB,113.0
2026-08-11,VAR,47.77
2026-08-11,VEI,186.0
2026-08-11,VEND,243.6
2026-08-11,VISTN,19.9
2026-08-11,VOIM,0.389
2026-08-11,VOW,2.22
2026-08-11,VVL,446.0
2026-08-11,WAWI,146.7
2026-08-11,WSTEP,15.4
2026-08-11,WWI,761.0
2026-08-11,WWIB,705.0
2026-08-11,YAR,425.7
2026-08-11,ZAL,96.4
2026-08-11,ZAP,48.15
2026-08-11,ZLNA,22.5
